heladeria_id,fecha,ventas,temperatura,dia_de_la_semana
1,2021-01-01,140.59,17.5,4
2,2021-01-01,658.51,11.5,4
3,2021-01-01,185.62,20.6,4
4,2021-01-01,730.19,16.2,4
5,2021-01-01,834.07,15.7,4
6,2021-01-01,599.44,25.8,4
7,2021-01-01,190.76,26.7,4
8,2021-01-01,876.97,13.5,4
9,2021-01-01,441.81,26.1,4
10,2021-01-01,942.56,28.8,4
1,2021-01-02,780.54,19.6,5
2,2021-01-02,509.45,26.3,5
3,2021-01-02,423.58,21.3,5
4,2021-01-02,460.63,20.5,5
5,2021-01-02,969.26,25.5,5
6,2021-01-02,379.2,19.0,5
7,2021-01-02,445.8,26.3,5
8,2021-01-02,628.82,11.7,5
9,2021-01-02,253.54,27.4,5
10,2021-01-02,315.4,12.6,5
1,2021-01-03,395.5,26.7,6
2,2021-01-03,260.21,23.8,6
3,2021-01-03,751.78,16.3,6
4,2021-01-03,572.24,16.1,6
5,2021-01-03,466.05,12.4,6
6,2021-01-03,710.29,28.9,6
7,2021-01-03,274.94,18.1,6
8,2021-01-03,428.65,28.5,6
9,2021-01-03,672.2,19.4,6
10,2021-01-03,253.8,15.0,6
1,2021-01-04,551.06,12.7,0
2,2021-01-04,975.34,16.6,0
3,2021-01-04,287.15,10.8,0
4,2021-01-04,414.96,29.0,0
5,2021-01-04,784.48,11.2,0
6,2021-01-04,909.36,15.3,0
7,2021-01-04,799.05,19.6,0
8,2021-01-04,468.27,15.8,0
9,2021-01-04,946.57,34.3,0
10,2021-01-04,275.01,32.9,0
1,2021-01-05,701.36,11.0,1
2,2021-01-05,740.79,13.8,1
3,2021-01-05,248.74,13.9,1
4,2021-01-05,782.32,10.8,1
5,2021-01-05,510.56,16.8,1
6,2021-01-05,146.62,20.6,1
7,2021-01-05,525.85,28.2,1
8,2021-01-05,531.95,32.1,1
9,2021-01-05,323.02,33.6,1
10,2021-01-05,106.95,23.8,1
1,2021-01-06,498.05,22.0,2
2,2021-01-06,909.04,30.2,2
3,2021-01-06,775.64,17.1,2
4,2021-01-06,939.73,15.2,2
5,2021-01-06,504.42,11.1,2
6,2021-01-06,272.95,11.4,2
7,2021-01-06,702.05,14.5,2
8,2021-01-06,381.76,32.5,2
9,2021-01-06,445.7,22.5,2
10,2021-01-06,165.07,25.0,2
1,2021-01-07,470.45,16.3,3
2,2021-01-07,758.37,23.4,3
3,2021-01-07,107.23,13.3,3
4,2021-01-07,484.62,20.4,3
5,2021-01-07,173.43,24.7,3
6,2021-01-07,974.88,14.9,3
7,2021-01-07,468.76,19.8,3
8,2021-01-07,830.62,30.3,3
9,2021-01-07,613.15,28.4,3
10,2021-01-07,197.02,28.9,3
1,2021-01-08,693.45,25.3,4
2,2021-01-08,597.61,22.1,4
3,2021-01-08,871.29,26.3,4
4,2021-01-08,265.75,13.4,4
5,2021-01-08,307.35,32.0,4
6,2021-01-08,696.67,32.0,4
7,2021-01-08,870.92,28.6,4
8,2021-01-08,892.5,13.2,4
9,2021-01-08,646.94,21.5,4
10,2021-01-08,594.99,13.4,4
1,2021-01-09,224.73,23.4,5
2,2021-01-09,967.42,14.1,5
3,2021-01-09,571.43,11.3,5
4,2021-01-09,362.52,28.4,5
5,2021-01-09,688.88,21.8,5
6,2021-01-09,848.3,14.8,5
7,2021-01-09,763.85,26.2,5
8,2021-01-09,399.14,24.9,5
9,2021-01-09,594.91,31.3,5
10,2021-01-09,763.12,11.6,5
1,2021-01-10,761.27,24.4,6
2,2021-01-10,166.63,30.9,6
3,2021-01-10,932.43,25.6,6
4,2021-01-10,899.02,31.3,6
5,2021-01-10,336.63,13.5,6
6,2021-01-10,249.04,23.3,6
7,2021-01-10,586.71,16.8,6
8,2021-01-10,919.34,30.4,6
9,2021-01-10,795.05,11.3,6
10,2021-01-10,236.14,17.5,6
1,2021-01-11,128.81,34.0,0
2,2021-01-11,119.29,29.5,0
3,2021-01-11,285.4,23.5,0
4,2021-01-11,657.14,31.6,0
5,2021-01-11,358.13,22.6,0
6,2021-01-11,545.45,16.6,0
7,2021-01-11,483.2,20.2,0
8,2021-01-11,121.73,28.9,0
9,2021-01-11,206.94,28.6,0
10,2021-01-11,739.66,25.1,0
1,2021-01-12,779.61,22.6,1
2,2021-01-12,751.68,26.6,1
3,2021-01-12,254.63,34.8,1
4,2021-01-12,981.8,24.1,1
5,2021-01-12,786.88,18.7,1
6,2021-01-12,411.44,32.9,1
7,2021-01-12,472.36,10.7,1
8,2021-01-12,899.03,33.6,1
9,2021-01-12,825.14,16.7,1
10,2021-01-12,171.31,29.9,1
1,2021-01-13,150.05,30.7,2
2,2021-01-13,174.17,27.5,2
3,2021-01-13,886.76,12.4,2
4,2021-01-13,776.25,16.6,2
5,2021-01-13,992.53,25.0,2
6,2021-01-13,902.09,10.5,2
7,2021-01-13,631.24,10.9,2
8,2021-01-13,323.91,29.3,2
9,2021-01-13,302.09,17.4,2
10,2021-01-13,644.8,25.5,2
1,2021-01-14,607.95,17.0,3
2,2021-01-14,671.5,14.8,3
3,2021-01-14,242.69,34.6,3
4,2021-01-14,626.0,20.5,3
5,2021-01-14,756.88,14.3,3
6,2021-01-14,810.98,16.8,3
7,2021-01-14,336.02,17.5,3
8,2021-01-14,169.24,31.8,3
9,2021-01-14,156.51,21.4,3
10,2021-01-14,677.62,21.6,3
1,2021-01-15,331.77,14.5,4
2,2021-01-15,641.48,14.4,4
3,2021-01-15,960.41,23.0,4
4,2021-01-15,237.47,34.4,4
5,2021-01-15,739.68,19.5,4
6,2021-01-15,766.14,12.7,4
7,2021-01-15,447.9,30.8,4
8,2021-01-15,847.91,33.8,4
9,2021-01-15,989.86,30.4,4
10,2021-01-15,809.35,22.7,4
1,2021-01-16,967.67,34.3,5
2,2021-01-16,374.07,17.0,5
3,2021-01-16,147.22,19.4,5
4,2021-01-16,968.34,22.8,5
5,2021-01-16,855.76,15.2,5
6,2021-01-16,440.61,27.2,5
7,2021-01-16,948.42,19.2,5
8,2021-01-16,849.07,27.9,5
9,2021-01-16,667.97,26.7,5
10,2021-01-16,186.73,34.8,5
1,2021-01-17,967.75,11.3,6
2,2021-01-17,453.29,24.0,6
3,2021-01-17,790.56,27.3,6
4,2021-01-17,711.7,19.9,6
5,2021-01-17,658.91,10.6,6
6,2021-01-17,308.05,30.6,6
7,2021-01-17,762.97,25.2,6
8,2021-01-17,924.66,23.2,6
9,2021-01-17,852.3,16.9,6
10,2021-01-17,388.05,22.1,6
1,2021-01-18,163.88,28.7,0
2,2021-01-18,308.03,26.8,0
3,2021-01-18,870.71,10.7,0
4,2021-01-18,891.9,22.1,0
5,2021-01-18,887.67,28.1,0
6,2021-01-18,192.87,22.0,0
7,2021-01-18,177.08,32.5,0
8,2021-01-18,202.66,12.2,0
9,2021-01-18,685.76,10.1,0
10,2021-01-18,158.42,16.0,0
1,2021-01-19,420.55,29.2,1
2,2021-01-19,368.74,29.7,1
3,2021-01-19,852.5,22.6,1
4,2021-01-19,686.18,12.2,1
5,2021-01-19,101.51,14.1,1
6,2021-01-19,144.51,12.0,1
7,2021-01-19,285.97,11.2,1
8,2021-01-19,190.7,31.9,1
9,2021-01-19,680.49,20.1,1
10,2021-01-19,335.21,29.5,1
1,2021-01-20,678.05,23.0,2
2,2021-01-20,486.45,13.4,2
3,2021-01-20,943.21,14.6,2
4,2021-01-20,404.98,18.7,2
5,2021-01-20,371.15,19.2,2
6,2021-01-20,487.81,24.6,2
7,2021-01-20,971.68,18.5,2
8,2021-01-20,213.54,33.8,2
9,2021-01-20,411.53,13.5,2
10,2021-01-20,979.72,33.5,2
1,2021-01-21,903.61,10.9,3
2,2021-01-21,392.77,34.3,3
3,2021-01-21,419.49,24.5,3
4,2021-01-21,250.78,32.1,3
5,2021-01-21,719.13,27.4,3
6,2021-01-21,645.98,20.9,3
7,2021-01-21,861.32,13.8,3
8,2021-01-21,371.17,19.4,3
9,2021-01-21,688.12,18.6,3
10,2021-01-21,388.26,18.2,3
1,2021-01-22,411.59,15.1,4
2,2021-01-22,846.6,17.2,4
3,2021-01-22,815.13,14.9,4
4,2021-01-22,946.94,26.5,4
5,2021-01-22,476.53,16.5,4
6,2021-01-22,570.09,29.5,4
7,2021-01-22,256.92,27.5,4
8,2021-01-22,245.8,21.2,4
9,2021-01-22,956.59,22.3,4
10,2021-01-22,421.45,13.0,4
1,2021-01-23,164.44,33.3,5
2,2021-01-23,382.22,25.2,5
3,2021-01-23,761.03,33.2,5
4,2021-01-23,552.83,20.5,5
5,2021-01-23,474.11,25.7,5
6,2021-01-23,247.28,23.8,5
7,2021-01-23,509.77,13.6,5
8,2021-01-23,228.07,25.7,5
9,2021-01-23,483.75,25.3,5
10,2021-01-23,209.79,23.9,5
1,2021-01-24,651.48,20.1,6
2,2021-01-24,829.76,29.2,6
3,2021-01-24,370.77,15.0,6
4,2021-01-24,670.63,17.1,6
5,2021-01-24,498.81,27.3,6
6,2021-01-24,618.08,32.9,6
7,2021-01-24,618.5,18.8,6
8,2021-01-24,175.73,18.1,6
9,2021-01-24,576.88,27.6,6
10,2021-01-24,374.9,32.8,6
1,2021-01-25,703.21,15.3,0
2,2021-01-25,309.79,17.4,0
3,2021-01-25,587.84,25.1,0
4,2021-01-25,326.43,31.6,0
5,2021-01-25,659.17,13.0,0
6,2021-01-25,985.43,22.3,0
7,2021-01-25,985.95,13.3,0
8,2021-01-25,942.26,17.6,0
9,2021-01-25,530.54,16.8,0
10,2021-01-25,971.59,25.5,0
1,2021-01-26,310.45,17.0,1
2,2021-01-26,278.22,21.7,1
3,2021-01-26,802.59,27.3,1
4,2021-01-26,612.74,10.3,1
5,2021-01-26,154.61,25.3,1
6,2021-01-26,874.82,27.6,1
7,2021-01-26,845.01,22.7,1
8,2021-01-26,943.77,14.8,1
9,2021-01-26,893.44,18.6,1
10,2021-01-26,274.66,34.6,1
1,2021-01-27,210.8,17.4,2
2,2021-01-27,186.15,11.1,2
3,2021-01-27,931.73,29.6,2
4,2021-01-27,170.9,24.6,2
5,2021-01-27,981.78,11.4,2
6,2021-01-27,732.04,14.0,2
7,2021-01-27,764.43,31.5,2
8,2021-01-27,601.16,18.3,2
9,2021-01-27,742.02,25.4,2
10,2021-01-27,289.37,23.3,2
1,2021-01-28,716.9,31.6,3
2,2021-01-28,505.61,14.0,3
3,2021-01-28,538.84,14.9,3
4,2021-01-28,963.76,33.2,3
5,2021-01-28,529.11,12.8,3
6,2021-01-28,614.54,14.8,3
7,2021-01-28,806.03,32.1,3
8,2021-01-28,955.23,13.6,3
9,2021-01-28,735.9,30.1,3
10,2021-01-28,424.39,22.8,3
1,2021-01-29,496.32,16.9,4
2,2021-01-29,268.32,14.0,4
3,2021-01-29,423.89,31.9,4
4,2021-01-29,418.75,30.5,4
5,2021-01-29,396.35,19.3,4
6,2021-01-29,352.41,34.3,4
7,2021-01-29,711.77,25.7,4
8,2021-01-29,918.01,11.3,4
9,2021-01-29,923.73,27.8,4
10,2021-01-29,653.06,33.4,4
1,2021-01-30,794.66,30.1,5
2,2021-01-30,161.12,19.5,5
3,2021-01-30,928.87,31.3,5
4,2021-01-30,241.57,19.2,5
5,2021-01-30,552.19,20.7,5
6,2021-01-30,533.9,31.4,5
7,2021-01-30,551.95,19.1,5
8,2021-01-30,411.39,13.0,5
9,2021-01-30,464.47,24.5,5
10,2021-01-30,230.95,31.5,5
1,2021-01-31,785.65,21.6,6
2,2021-01-31,370.55,15.7,6
3,2021-01-31,587.5,16.6,6
4,2021-01-31,469.79,26.7,6
5,2021-01-31,104.41,17.7,6
6,2021-01-31,863.07,21.8,6
7,2021-01-31,749.27,28.3,6
8,2021-01-31,313.2,26.0,6
9,2021-01-31,910.85,10.8,6
10,2021-01-31,761.4,31.2,6
1,2021-02-01,852.32,26.7,0
2,2021-02-01,424.19,33.9,0
3,2021-02-01,895.84,33.1,0
4,2021-02-01,253.59,15.6,0
5,2021-02-01,831.71,24.6,0
6,2021-02-01,863.91,21.8,0
7,2021-02-01,251.02,30.7,0
8,2021-02-01,976.29,29.5,0
9,2021-02-01,421.99,31.6,0
10,2021-02-01,374.32,22.8,0
1,2021-02-02,861.29,12.4,1
2,2021-02-02,350.22,12.9,1
3,2021-02-02,304.59,29.5,1
4,2021-02-02,263.12,21.4,1
5,2021-02-02,558.31,17.9,1
6,2021-02-02,778.27,30.7,1
7,2021-02-02,916.95,32.8,1
8,2021-02-02,143.75,10.6,1
9,2021-02-02,497.25,29.8,1
10,2021-02-02,379.36,14.9,1
1,2021-02-03,139.01,28.3,2
2,2021-02-03,132.31,31.6,2
3,2021-02-03,750.64,12.2,2
4,2021-02-03,271.98,28.6,2
5,2021-02-03,983.15,33.6,2
6,2021-02-03,639.63,17.9,2
7,2021-02-03,401.21,31.8,2
8,2021-02-03,122.22,33.6,2
9,2021-02-03,601.29,10.5,2
10,2021-02-03,902.24,26.9,2
1,2021-02-04,901.69,34.9,3
2,2021-02-04,321.07,11.0,3
3,2021-02-04,499.62,15.7,3
4,2021-02-04,802.15,23.5,3
5,2021-02-04,291.75,13.4,3
6,2021-02-04,640.16,15.0,3
7,2021-02-04,632.67,15.6,3
8,2021-02-04,175.78,19.2,3
9,2021-02-04,978.98,22.5,3
10,2021-02-04,785.49,31.7,3
1,2021-02-05,180.12,17.7,4
2,2021-02-05,362.71,20.8,4
3,2021-02-05,311.28,31.9,4
4,2021-02-05,738.68,34.2,4
5,2021-02-05,121.33,17.4,4
6,2021-02-05,589.41,30.3,4
7,2021-02-05,931.7,19.2,4
8,2021-02-05,920.09,13.4,4
9,2021-02-05,456.28,15.0,4
10,2021-02-05,477.16,20.1,4
1,2021-02-06,237.53,30.5,5
2,2021-02-06,222.9,26.9,5
3,2021-02-06,719.54,10.0,5
4,2021-02-06,308.9,16.6,5
5,2021-02-06,130.75,24.6,5
6,2021-02-06,199.56,21.5,5
7,2021-02-06,304.44,12.0,5
8,2021-02-06,572.59,32.8,5
9,2021-02-06,796.56,18.4,5
10,2021-02-06,274.24,13.1,5
1,2021-02-07,521.33,31.1,6
2,2021-02-07,394.88,11.1,6
3,2021-02-07,892.87,17.6,6
4,2021-02-07,946.84,14.0,6
5,2021-02-07,683.7,29.1,6
6,2021-02-07,257.71,27.0,6
7,2021-02-07,130.38,33.8,6
8,2021-02-07,743.55,13.4,6
9,2021-02-07,778.42,23.5,6
10,2021-02-07,670.55,10.2,6
1,2021-02-08,371.56,12.6,0
2,2021-02-08,535.21,24.7,0
3,2021-02-08,901.84,13.0,0
4,2021-02-08,872.36,21.0,0
5,2021-02-08,674.27,23.6,0
6,2021-02-08,911.26,18.9,0
7,2021-02-08,272.06,28.8,0
8,2021-02-08,900.54,31.4,0
9,2021-02-08,952.6,31.8,0
10,2021-02-08,519.39,18.7,0
1,2021-02-09,885.09,25.5,1
2,2021-02-09,181.18,16.8,1
3,2021-02-09,446.0,12.1,1
4,2021-02-09,207.76,12.7,1
5,2021-02-09,506.96,17.2,1
6,2021-02-09,282.89,10.3,1
7,2021-02-09,660.68,11.8,1
8,2021-02-09,623.74,20.1,1
9,2021-02-09,629.72,19.9,1
10,2021-02-09,434.66,29.9,1
1,2021-02-10,875.55,34.0,2
2,2021-02-10,904.57,16.0,2
3,2021-02-10,612.65,13.8,2
4,2021-02-10,910.29,19.0,2
5,2021-02-10,696.2,34.7,2
6,2021-02-10,711.68,28.3,2
7,2021-02-10,499.93,32.2,2
8,2021-02-10,704.69,20.2,2
9,2021-02-10,225.4,12.6,2
10,2021-02-10,273.41,26.9,2
1,2021-02-11,543.79,24.2,3
2,2021-02-11,691.39,19.9,3
3,2021-02-11,206.62,34.6,3
4,2021-02-11,126.64,22.7,3
5,2021-02-11,137.33,29.4,3
6,2021-02-11,938.41,23.7,3
7,2021-02-11,160.09,25.4,3
8,2021-02-11,700.34,29.3,3
9,2021-02-11,557.1,24.2,3
10,2021-02-11,124.24,33.3,3
1,2021-02-12,273.39,11.6,4
2,2021-02-12,440.24,17.0,4
3,2021-02-12,864.72,12.7,4
4,2021-02-12,284.0,14.7,4
5,2021-02-12,916.26,32.4,4
6,2021-02-12,325.22,21.4,4
7,2021-02-12,217.55,24.6,4
8,2021-02-12,842.29,26.4,4
9,2021-02-12,719.85,19.5,4
10,2021-02-12,761.65,22.7,4
1,2021-02-13,728.74,22.5,5
2,2021-02-13,885.95,12.1,5
3,2021-02-13,982.0,10.3,5
4,2021-02-13,757.44,34.4,5
5,2021-02-13,951.37,17.8,5
6,2021-02-13,176.64,14.2,5
7,2021-02-13,836.74,19.0,5
8,2021-02-13,774.76,22.2,5
9,2021-02-13,326.76,13.4,5
10,2021-02-13,541.87,10.8,5
1,2021-02-14,977.5,11.0,6
2,2021-02-14,234.39,13.2,6
3,2021-02-14,634.83,18.1,6
4,2021-02-14,430.58,10.4,6
5,2021-02-14,758.72,22.4,6
6,2021-02-14,634.31,15.3,6
7,2021-02-14,465.41,22.8,6
8,2021-02-14,993.28,14.5,6
9,2021-02-14,405.02,26.1,6
10,2021-02-14,310.33,31.3,6
1,2021-02-15,152.09,30.1,0
2,2021-02-15,133.57,16.9,0
3,2021-02-15,579.44,27.2,0
4,2021-02-15,486.64,23.3,0
5,2021-02-15,218.02,13.2,0
6,2021-02-15,391.55,28.8,0
7,2021-02-15,665.19,34.6,0
8,2021-02-15,526.02,31.7,0
9,2021-02-15,386.08,19.4,0
10,2021-02-15,267.35,10.1,0
1,2021-02-16,666.56,13.3,1
2,2021-02-16,976.73,30.2,1
3,2021-02-16,287.06,27.5,1
4,2021-02-16,554.57,29.0,1
5,2021-02-16,337.75,27.9,1
6,2021-02-16,625.86,11.7,1
7,2021-02-16,947.28,20.6,1
8,2021-02-16,279.78,21.6,1
9,2021-02-16,311.03,31.3,1
10,2021-02-16,141.81,21.9,1
1,2021-02-17,313.14,24.3,2
2,2021-02-17,228.28,29.4,2
3,2021-02-17,110.98,12.6,2
4,2021-02-17,920.71,31.3,2
5,2021-02-17,963.9,11.0,2
6,2021-02-17,186.86,24.8,2
7,2021-02-17,893.97,29.0,2
8,2021-02-17,868.44,16.5,2
9,2021-02-17,875.51,17.9,2
10,2021-02-17,426.31,23.9,2
1,2021-02-18,599.11,29.4,3
2,2021-02-18,674.79,23.7,3
3,2021-02-18,525.67,24.3,3
4,2021-02-18,801.37,13.1,3
5,2021-02-18,174.88,19.9,3
6,2021-02-18,527.23,13.7,3
7,2021-02-18,656.15,12.9,3
8,2021-02-18,333.36,32.2,3
9,2021-02-18,116.62,12.8,3
10,2021-02-18,891.58,15.6,3
1,2021-02-19,535.19,34.7,4
2,2021-02-19,836.13,23.6,4
3,2021-02-19,533.1,28.7,4
4,2021-02-19,918.05,19.4,4
5,2021-02-19,574.92,20.7,4
6,2021-02-19,748.09,27.9,4
7,2021-02-19,450.0,30.2,4
8,2021-02-19,979.63,34.4,4
9,2021-02-19,152.54,11.7,4
10,2021-02-19,439.35,33.5,4
1,2021-02-20,534.71,14.7,5
2,2021-02-20,254.37,28.1,5
3,2021-02-20,103.14,15.7,5
4,2021-02-20,852.21,14.3,5
5,2021-02-20,344.75,27.6,5
6,2021-02-20,850.48,10.1,5
7,2021-02-20,707.31,18.2,5
8,2021-02-20,298.2,11.7,5
9,2021-02-20,678.68,26.1,5
10,2021-02-20,599.67,26.4,5
1,2021-02-21,353.85,21.6,6
2,2021-02-21,762.11,34.6,6
3,2021-02-21,802.38,30.8,6
4,2021-02-21,213.9,22.0,6
5,2021-02-21,310.34,32.9,6
6,2021-02-21,327.46,19.7,6
7,2021-02-21,668.53,16.5,6
8,2021-02-21,632.53,33.5,6
9,2021-02-21,563.31,27.2,6
10,2021-02-21,408.31,34.5,6
1,2021-02-22,311.19,26.5,0
2,2021-02-22,519.94,30.7,0
3,2021-02-22,165.85,31.0,0
4,2021-02-22,910.1,30.1,0
5,2021-02-22,400.3,29.7,0
6,2021-02-22,839.51,26.7,0
7,2021-02-22,153.19,18.3,0
8,2021-02-22,686.59,30.2,0
9,2021-02-22,702.61,17.6,0
10,2021-02-22,926.42,28.2,0
1,2021-02-23,549.67,14.5,1
2,2021-02-23,158.23,14.2,1
3,2021-02-23,569.84,20.4,1
4,2021-02-23,198.99,18.6,1
5,2021-02-23,389.5,30.7,1
6,2021-02-23,893.49,17.6,1
7,2021-02-23,926.2,34.6,1
8,2021-02-23,770.03,22.2,1
9,2021-02-23,735.5,24.5,1
10,2021-02-23,194.29,34.4,1
1,2021-02-24,119.47,13.8,2
2,2021-02-24,218.98,22.1,2
3,2021-02-24,102.6,33.4,2
4,2021-02-24,812.76,27.7,2
5,2021-02-24,645.3,24.9,2
6,2021-02-24,887.67,15.3,2
7,2021-02-24,247.46,12.0,2
8,2021-02-24,289.05,17.0,2
9,2021-02-24,361.8,14.8,2
10,2021-02-24,325.87,33.5,2
1,2021-02-25,520.97,21.8,3
2,2021-02-25,830.2,31.2,3
3,2021-02-25,387.42,19.5,3
4,2021-02-25,315.22,31.1,3
5,2021-02-25,715.15,17.5,3
6,2021-02-25,943.0,33.8,3
7,2021-02-25,920.94,11.8,3
8,2021-02-25,122.5,28.2,3
9,2021-02-25,535.53,25.1,3
10,2021-02-25,791.55,22.6,3
1,2021-02-26,957.07,28.1,4
2,2021-02-26,765.32,27.5,4
3,2021-02-26,326.42,23.2,4
4,2021-02-26,129.09,12.6,4
5,2021-02-26,322.09,10.5,4
6,2021-02-26,653.64,13.2,4
7,2021-02-26,634.35,21.7,4
8,2021-02-26,396.72,10.7,4
9,2021-02-26,337.47,18.7,4
10,2021-02-26,849.47,11.8,4
1,2021-02-27,544.15,22.4,5
2,2021-02-27,614.62,10.8,5
3,2021-02-27,773.25,16.3,5
4,2021-02-27,217.6,31.2,5
5,2021-02-27,610.33,10.4,5
6,2021-02-27,871.18,31.0,5
7,2021-02-27,278.76,32.2,5
8,2021-02-27,279.27,27.3,5
9,2021-02-27,836.89,20.4,5
10,2021-02-27,943.79,19.7,5
1,2021-02-28,996.52,15.4,6
2,2021-02-28,660.1,20.3,6
3,2021-02-28,552.82,30.3,6
4,2021-02-28,923.45,10.7,6
5,2021-02-28,931.73,10.5,6
6,2021-02-28,492.46,30.3,6
7,2021-02-28,308.54,23.5,6
8,2021-02-28,958.42,21.8,6
9,2021-02-28,918.26,34.5,6
10,2021-02-28,179.21,34.1,6
1,2021-03-01,868.54,19.0,0
2,2021-03-01,380.53,24.3,0
3,2021-03-01,761.83,17.7,0
4,2021-03-01,512.38,32.7,0
5,2021-03-01,508.94,28.5,0
6,2021-03-01,155.29,16.3,0
7,2021-03-01,523.38,12.9,0
8,2021-03-01,640.38,25.7,0
9,2021-03-01,786.98,33.9,0
10,2021-03-01,683.94,14.8,0
1,2021-03-02,744.66,22.6,1
2,2021-03-02,119.72,24.5,1
3,2021-03-02,878.7,17.0,1
4,2021-03-02,600.64,15.8,1
5,2021-03-02,864.07,25.1,1
6,2021-03-02,860.8,30.2,1
7,2021-03-02,664.22,13.5,1
8,2021-03-02,743.93,24.3,1
9,2021-03-02,916.44,27.4,1
10,2021-03-02,706.03,21.1,1
1,2021-03-03,954.46,15.6,2
2,2021-03-03,508.84,23.0,2
3,2021-03-03,311.04,20.2,2
4,2021-03-03,179.01,20.1,2
5,2021-03-03,979.86,12.2,2
6,2021-03-03,942.27,16.4,2
7,2021-03-03,840.42,32.0,2
8,2021-03-03,869.04,13.1,2
9,2021-03-03,242.33,24.2,2
10,2021-03-03,309.39,31.1,2
1,2021-03-04,496.1,34.6,3
2,2021-03-04,563.53,27.3,3
3,2021-03-04,683.73,10.2,3
4,2021-03-04,581.39,22.8,3
5,2021-03-04,275.33,12.6,3
6,2021-03-04,978.41,25.6,3
7,2021-03-04,709.36,23.7,3
8,2021-03-04,147.16,14.7,3
9,2021-03-04,716.02,18.4,3
10,2021-03-04,920.45,14.9,3
1,2021-03-05,977.21,23.8,4
2,2021-03-05,988.56,22.3,4
3,2021-03-05,550.14,22.7,4
4,2021-03-05,607.84,33.0,4
5,2021-03-05,663.17,31.8,4
6,2021-03-05,366.48,26.3,4
7,2021-03-05,631.99,25.9,4
8,2021-03-05,294.44,23.7,4
9,2021-03-05,336.11,28.1,4
10,2021-03-05,753.67,16.1,4
1,2021-03-06,797.28,14.0,5
2,2021-03-06,950.54,10.2,5
3,2021-03-06,174.33,30.5,5
4,2021-03-06,785.31,13.1,5
5,2021-03-06,981.73,17.8,5
6,2021-03-06,592.83,31.0,5
7,2021-03-06,591.78,15.2,5
8,2021-03-06,415.51,15.8,5
9,2021-03-06,887.01,10.8,5
10,2021-03-06,300.87,27.9,5
1,2021-03-07,322.67,33.3,6
2,2021-03-07,116.58,13.1,6
3,2021-03-07,835.86,12.7,6
4,2021-03-07,459.32,29.9,6
5,2021-03-07,587.98,20.5,6
6,2021-03-07,200.79,27.2,6
7,2021-03-07,894.86,14.2,6
8,2021-03-07,731.21,33.6,6
9,2021-03-07,479.46,21.6,6
10,2021-03-07,664.81,22.9,6
1,2021-03-08,445.9,32.2,0
2,2021-03-08,495.27,24.8,0
3,2021-03-08,510.65,22.5,0
4,2021-03-08,527.27,24.9,0
5,2021-03-08,154.0,14.4,0
6,2021-03-08,378.01,18.3,0
7,2021-03-08,284.44,27.5,0
8,2021-03-08,687.66,21.7,0
9,2021-03-08,980.7,10.7,0
10,2021-03-08,661.9,27.9,0
1,2021-03-09,645.95,16.5,1
2,2021-03-09,927.81,19.2,1
3,2021-03-09,946.87,21.7,1
4,2021-03-09,863.81,23.2,1
5,2021-03-09,388.11,34.7,1
6,2021-03-09,590.07,28.2,1
7,2021-03-09,531.61,30.4,1
8,2021-03-09,240.43,18.4,1
9,2021-03-09,780.12,11.4,1
10,2021-03-09,201.97,32.5,1
1,2021-03-10,531.93,23.4,2
2,2021-03-10,312.07,20.0,2
3,2021-03-10,433.18,26.5,2
4,2021-03-10,660.94,26.6,2
5,2021-03-10,276.29,33.4,2
6,2021-03-10,106.87,16.2,2
7,2021-03-10,584.96,15.5,2
8,2021-03-10,846.37,34.5,2
9,2021-03-10,591.23,12.6,2
10,2021-03-10,327.97,29.1,2
1,2021-03-11,879.18,27.7,3
2,2021-03-11,951.99,28.2,3
3,2021-03-11,695.65,33.7,3
4,2021-03-11,667.15,25.3,3
5,2021-03-11,908.89,34.2,3
6,2021-03-11,813.31,27.3,3
7,2021-03-11,344.43,15.3,3
8,2021-03-11,292.12,17.2,3
9,2021-03-11,909.12,15.0,3
10,2021-03-11,790.88,19.3,3
1,2021-03-12,394.2,26.6,4
2,2021-03-12,335.41,33.6,4
3,2021-03-12,523.4,15.6,4
4,2021-03-12,232.31,34.7,4
5,2021-03-12,444.69,28.9,4
6,2021-03-12,192.05,16.2,4
7,2021-03-12,703.07,18.6,4
8,2021-03-12,274.51,24.6,4
9,2021-03-12,206.44,26.8,4
10,2021-03-12,664.22,30.8,4
1,2021-03-13,734.9,25.1,5
2,2021-03-13,251.74,12.2,5
3,2021-03-13,255.58,26.1,5
4,2021-03-13,136.84,14.9,5
5,2021-03-13,839.09,24.1,5
6,2021-03-13,526.82,34.9,5
7,2021-03-13,791.13,12.6,5
8,2021-03-13,728.23,28.1,5
9,2021-03-13,132.84,28.1,5
10,2021-03-13,245.64,15.1,5
1,2021-03-14,804.61,29.9,6
2,2021-03-14,943.67,11.3,6
3,2021-03-14,392.73,11.1,6
4,2021-03-14,136.32,30.2,6
5,2021-03-14,967.62,20.1,6
6,2021-03-14,462.65,24.4,6
7,2021-03-14,339.69,26.8,6
8,2021-03-14,282.16,28.3,6
9,2021-03-14,656.65,11.1,6
10,2021-03-14,399.38,33.1,6
1,2021-03-15,591.76,27.3,0
2,2021-03-15,580.88,28.3,0
3,2021-03-15,304.15,16.6,0
4,2021-03-15,297.83,11.5,0
5,2021-03-15,493.66,28.1,0
6,2021-03-15,885.12,17.6,0
7,2021-03-15,334.76,18.6,0
8,2021-03-15,923.4,21.5,0
9,2021-03-15,601.15,20.9,0
10,2021-03-15,784.06,30.5,0
1,2021-03-16,978.1,24.5,1
2,2021-03-16,511.22,13.5,1
3,2021-03-16,735.88,28.1,1
4,2021-03-16,420.55,25.0,1
5,2021-03-16,695.97,11.1,1
6,2021-03-16,804.64,24.8,1
7,2021-03-16,901.92,28.0,1
8,2021-03-16,142.6,26.4,1
9,2021-03-16,126.84,18.9,1
10,2021-03-16,104.12,11.8,1
1,2021-03-17,541.71,33.6,2
2,2021-03-17,199.34,34.3,2
3,2021-03-17,406.25,18.4,2
4,2021-03-17,882.79,23.7,2
5,2021-03-17,324.12,32.0,2
6,2021-03-17,357.21,33.5,2
7,2021-03-17,369.49,19.0,2
8,2021-03-17,999.25,10.5,2
9,2021-03-17,255.92,27.3,2
10,2021-03-17,448.98,31.4,2
1,2021-03-18,970.29,31.4,3
2,2021-03-18,890.45,21.4,3
3,2021-03-18,369.58,21.5,3
4,2021-03-18,414.71,15.6,3
5,2021-03-18,441.13,32.3,3
6,2021-03-18,376.57,34.3,3
7,2021-03-18,753.74,24.8,3
8,2021-03-18,175.82,16.0,3
9,2021-03-18,422.88,34.7,3
10,2021-03-18,757.76,23.7,3
1,2021-03-19,521.34,11.6,4
2,2021-03-19,468.05,14.1,4
3,2021-03-19,389.11,31.6,4
4,2021-03-19,434.1,18.2,4
5,2021-03-19,178.6,15.4,4
6,2021-03-19,885.25,11.1,4
7,2021-03-19,931.31,17.9,4
8,2021-03-19,503.94,26.0,4
9,2021-03-19,670.11,29.7,4
10,2021-03-19,281.42,23.4,4
1,2021-03-20,687.63,16.4,5
2,2021-03-20,271.03,24.9,5
3,2021-03-20,601.78,26.8,5
4,2021-03-20,955.32,22.7,5
5,2021-03-20,539.13,27.9,5
6,2021-03-20,804.36,10.5,5
7,2021-03-20,617.71,24.9,5
8,2021-03-20,303.56,29.4,5
9,2021-03-20,656.36,19.0,5
10,2021-03-20,336.51,16.7,5
1,2021-03-21,587.83,12.9,6
2,2021-03-21,459.52,17.0,6
3,2021-03-21,387.59,11.0,6
4,2021-03-21,230.77,22.7,6
5,2021-03-21,238.29,18.0,6
6,2021-03-21,856.1,29.8,6
7,2021-03-21,303.2,16.1,6
8,2021-03-21,164.78,31.3,6
9,2021-03-21,360.34,20.7,6
10,2021-03-21,978.66,10.4,6
1,2021-03-22,393.15,28.1,0
2,2021-03-22,378.25,13.0,0
3,2021-03-22,893.38,33.3,0
4,2021-03-22,412.63,24.5,0
5,2021-03-22,370.04,21.1,0
6,2021-03-22,382.7,31.7,0
7,2021-03-22,523.13,21.4,0
8,2021-03-22,595.41,31.2,0
9,2021-03-22,470.83,17.0,0
10,2021-03-22,321.86,11.9,0
1,2021-03-23,574.96,22.0,1
2,2021-03-23,124.81,20.0,1
3,2021-03-23,416.99,31.0,1
4,2021-03-23,370.12,28.0,1
5,2021-03-23,875.57,12.9,1
6,2021-03-23,225.7,13.8,1
7,2021-03-23,940.75,31.7,1
8,2021-03-23,422.31,32.5,1
9,2021-03-23,605.93,11.5,1
10,2021-03-23,895.95,29.0,1
1,2021-03-24,421.1,26.8,2
2,2021-03-24,202.65,19.9,2
3,2021-03-24,305.35,14.0,2
4,2021-03-24,639.98,30.4,2
5,2021-03-24,426.33,33.4,2
6,2021-03-24,387.83,34.9,2
7,2021-03-24,726.01,30.4,2
8,2021-03-24,875.48,18.7,2
9,2021-03-24,315.26,29.2,2
10,2021-03-24,265.15,34.3,2
1,2021-03-25,717.56,21.4,3
2,2021-03-25,623.58,30.8,3
3,2021-03-25,171.97,22.8,3
4,2021-03-25,309.6,33.0,3
5,2021-03-25,565.18,25.0,3
6,2021-03-25,218.93,31.0,3
7,2021-03-25,801.09,16.2,3
8,2021-03-25,195.91,16.8,3
9,2021-03-25,187.31,14.5,3
10,2021-03-25,951.6,26.0,3
1,2021-03-26,140.38,25.9,4
2,2021-03-26,107.5,34.9,4
3,2021-03-26,605.6,21.4,4
4,2021-03-26,311.73,32.5,4
5,2021-03-26,925.42,33.1,4
6,2021-03-26,180.85,14.2,4
7,2021-03-26,821.58,11.4,4
8,2021-03-26,989.45,32.5,4
9,2021-03-26,160.98,14.8,4
10,2021-03-26,510.55,28.2,4
1,2021-03-27,454.17,19.6,5
2,2021-03-27,862.16,15.0,5
3,2021-03-27,915.12,11.6,5
4,2021-03-27,547.68,30.0,5
5,2021-03-27,355.87,34.1,5
6,2021-03-27,333.95,25.1,5
7,2021-03-27,736.89,13.1,5
8,2021-03-27,457.09,14.0,5
9,2021-03-27,494.16,17.1,5
10,2021-03-27,128.12,32.6,5
1,2021-03-28,925.25,25.6,6
2,2021-03-28,101.08,32.1,6
3,2021-03-28,849.54,31.5,6
4,2021-03-28,114.77,11.6,6
5,2021-03-28,941.51,24.6,6
6,2021-03-28,384.26,26.0,6
7,2021-03-28,127.78,16.3,6
8,2021-03-28,274.51,32.5,6
9,2021-03-28,317.53,13.6,6
10,2021-03-28,730.25,12.9,6
1,2021-03-29,999.94,19.0,0
2,2021-03-29,138.03,27.5,0
3,2021-03-29,985.69,21.8,0
4,2021-03-29,565.02,11.6,0
5,2021-03-29,987.3,15.2,0
6,2021-03-29,913.11,13.3,0
7,2021-03-29,757.87,15.8,0
8,2021-03-29,878.42,13.7,0
9,2021-03-29,218.46,10.2,0
10,2021-03-29,279.23,16.2,0
1,2021-03-30,853.91,13.5,1
2,2021-03-30,908.6,13.7,1
3,2021-03-30,539.21,29.1,1
4,2021-03-30,866.91,24.2,1
5,2021-03-30,222.6,31.0,1
6,2021-03-30,448.99,27.1,1
7,2021-03-30,720.48,28.8,1
8,2021-03-30,124.6,25.1,1
9,2021-03-30,402.22,16.3,1
10,2021-03-30,435.84,12.5,1
1,2021-03-31,495.26,25.0,2
2,2021-03-31,238.07,19.9,2
3,2021-03-31,626.95,21.6,2
4,2021-03-31,918.46,17.6,2
5,2021-03-31,250.2,25.6,2
6,2021-03-31,442.47,22.4,2
7,2021-03-31,641.06,22.9,2
8,2021-03-31,626.86,24.2,2
9,2021-03-31,191.41,27.4,2
10,2021-03-31,627.07,18.0,2
1,2021-04-01,916.04,14.0,3
2,2021-04-01,917.04,29.3,3
3,2021-04-01,862.47,25.2,3
4,2021-04-01,479.02,17.6,3
5,2021-04-01,812.91,12.3,3
6,2021-04-01,710.72,32.9,3
7,2021-04-01,544.33,25.8,3
8,2021-04-01,386.94,30.5,3
9,2021-04-01,781.77,22.9,3
10,2021-04-01,524.77,33.2,3
1,2021-04-02,189.75,25.7,4
2,2021-04-02,578.06,13.8,4
3,2021-04-02,934.68,18.8,4
4,2021-04-02,599.21,18.6,4
5,2021-04-02,371.77,15.3,4
6,2021-04-02,705.04,24.4,4
7,2021-04-02,197.72,28.3,4
8,2021-04-02,145.11,14.8,4
9,2021-04-02,872.31,16.6,4
10,2021-04-02,232.65,17.8,4
1,2021-04-03,962.59,33.0,5
2,2021-04-03,363.78,18.1,5
3,2021-04-03,565.71,31.7,5
4,2021-04-03,143.82,20.5,5
5,2021-04-03,728.07,12.8,5
6,2021-04-03,387.6,21.9,5
7,2021-04-03,683.12,28.1,5
8,2021-04-03,612.43,22.5,5
9,2021-04-03,305.49,25.0,5
10,2021-04-03,292.89,23.8,5
1,2021-04-04,754.21,10.3,6
2,2021-04-04,516.03,17.8,6
3,2021-04-04,317.72,30.3,6
4,2021-04-04,852.57,33.2,6
5,2021-04-04,614.29,32.3,6
6,2021-04-04,274.26,17.5,6
7,2021-04-04,194.41,14.6,6
8,2021-04-04,601.55,28.8,6
9,2021-04-04,815.37,34.6,6
10,2021-04-04,966.82,11.7,6
1,2021-04-05,627.94,28.4,0
2,2021-04-05,622.8,25.1,0
3,2021-04-05,334.97,20.0,0
4,2021-04-05,502.31,18.9,0
5,2021-04-05,658.19,23.7,0
6,2021-04-05,281.53,24.3,0
7,2021-04-05,762.93,13.6,0
8,2021-04-05,570.29,23.9,0
9,2021-04-05,978.86,11.7,0
10,2021-04-05,364.81,29.5,0
1,2021-04-06,318.99,23.9,1
2,2021-04-06,246.56,20.0,1
3,2021-04-06,970.74,16.0,1
4,2021-04-06,744.97,31.6,1
5,2021-04-06,624.29,20.1,1
6,2021-04-06,160.11,24.4,1
7,2021-04-06,826.27,14.9,1
8,2021-04-06,183.02,29.3,1
9,2021-04-06,896.45,31.8,1
10,2021-04-06,784.18,26.6,1
1,2021-04-07,559.74,34.5,2
2,2021-04-07,743.82,18.6,2
3,2021-04-07,849.38,30.6,2
4,2021-04-07,870.37,14.0,2
5,2021-04-07,117.73,18.0,2
6,2021-04-07,390.81,11.3,2
7,2021-04-07,392.63,15.1,2
8,2021-04-07,585.09,18.1,2
9,2021-04-07,753.76,11.0,2
10,2021-04-07,770.6,26.5,2
1,2021-04-08,985.63,22.2,3
2,2021-04-08,560.61,15.8,3
3,2021-04-08,141.51,12.4,3
4,2021-04-08,996.98,26.9,3
5,2021-04-08,183.15,25.3,3
6,2021-04-08,190.27,10.9,3
7,2021-04-08,486.86,34.9,3
8,2021-04-08,808.51,10.5,3
9,2021-04-08,349.0,28.2,3
10,2021-04-08,764.48,10.8,3
1,2021-04-09,842.33,23.2,4
2,2021-04-09,228.69,14.8,4
3,2021-04-09,847.78,14.6,4
4,2021-04-09,498.59,25.6,4
5,2021-04-09,225.3,33.0,4
6,2021-04-09,427.87,25.0,4
7,2021-04-09,524.0,30.8,4
8,2021-04-09,310.14,11.2,4
9,2021-04-09,552.07,33.7,4
10,2021-04-09,994.27,19.4,4
1,2021-04-10,910.69,29.4,5
2,2021-04-10,610.6,30.4,5
3,2021-04-10,415.31,23.0,5
4,2021-04-10,733.6,34.0,5
5,2021-04-10,653.53,15.1,5
6,2021-04-10,285.54,30.7,5
7,2021-04-10,809.74,13.6,5
8,2021-04-10,933.67,25.5,5
9,2021-04-10,994.51,31.1,5
10,2021-04-10,149.03,27.4,5
1,2021-04-11,669.37,34.8,6
2,2021-04-11,701.89,18.4,6
3,2021-04-11,984.95,14.4,6
4,2021-04-11,974.65,33.7,6
5,2021-04-11,124.26,11.4,6
6,2021-04-11,712.24,12.5,6
7,2021-04-11,278.98,13.5,6
8,2021-04-11,263.52,11.1,6
9,2021-04-11,717.81,28.2,6
10,2021-04-11,544.8,16.4,6
1,2021-04-12,883.07,33.7,0
2,2021-04-12,210.65,15.3,0
3,2021-04-12,177.1,24.9,0
4,2021-04-12,307.39,33.6,0
5,2021-04-12,201.9,13.8,0
6,2021-04-12,212.71,34.2,0
7,2021-04-12,545.5,30.7,0
8,2021-04-12,887.82,27.3,0
9,2021-04-12,253.52,29.5,0
10,2021-04-12,868.61,13.5,0
1,2021-04-13,533.15,18.8,1
2,2021-04-13,766.19,34.0,1
3,2021-04-13,109.1,10.6,1
4,2021-04-13,470.46,20.2,1
5,2021-04-13,385.22,18.9,1
6,2021-04-13,928.42,30.0,1
7,2021-04-13,418.36,30.7,1
8,2021-04-13,526.01,15.1,1
9,2021-04-13,648.5,20.3,1
10,2021-04-13,273.91,34.4,1
1,2021-04-14,443.26,29.4,2
2,2021-04-14,120.17,22.0,2
3,2021-04-14,861.71,25.3,2
4,2021-04-14,783.77,31.8,2
5,2021-04-14,459.07,27.2,2
6,2021-04-14,169.83,26.2,2
7,2021-04-14,506.71,20.1,2
8,2021-04-14,159.85,30.8,2
9,2021-04-14,870.48,30.9,2
10,2021-04-14,637.15,24.1,2
1,2021-04-15,935.98,27.3,3
2,2021-04-15,257.94,26.1,3
3,2021-04-15,637.97,28.1,3
4,2021-04-15,444.94,19.7,3
5,2021-04-15,844.93,16.8,3
6,2021-04-15,495.56,21.5,3
7,2021-04-15,861.77,15.6,3
8,2021-04-15,370.9,31.4,3
9,2021-04-15,988.03,28.1,3
10,2021-04-15,240.55,12.1,3
1,2021-04-16,569.05,14.4,4
2,2021-04-16,387.39,14.0,4
3,2021-04-16,610.06,15.0,4
4,2021-04-16,247.39,18.4,4
5,2021-04-16,245.36,11.5,4
6,2021-04-16,602.91,21.8,4
7,2021-04-16,863.38,10.9,4
8,2021-04-16,609.73,19.8,4
9,2021-04-16,338.15,26.7,4
10,2021-04-16,929.45,30.6,4
1,2021-04-17,760.78,18.8,5
2,2021-04-17,272.11,29.9,5
3,2021-04-17,245.54,33.2,5
4,2021-04-17,178.94,26.1,5
5,2021-04-17,200.15,26.3,5
6,2021-04-17,129.78,12.2,5
7,2021-04-17,520.81,14.6,5
8,2021-04-17,329.79,15.2,5
9,2021-04-17,509.67,29.1,5
10,2021-04-17,928.49,25.4,5
1,2021-04-18,102.14,31.9,6
2,2021-04-18,403.15,18.7,6
3,2021-04-18,414.39,19.2,6
4,2021-04-18,897.96,14.1,6
5,2021-04-18,376.81,34.6,6
6,2021-04-18,724.4,18.1,6
7,2021-04-18,208.16,33.6,6
8,2021-04-18,243.59,25.0,6
9,2021-04-18,634.66,33.8,6
10,2021-04-18,334.32,22.6,6
1,2021-04-19,627.16,14.0,0
2,2021-04-19,656.66,13.6,0
3,2021-04-19,119.66,30.6,0
4,2021-04-19,147.38,32.3,0
5,2021-04-19,623.55,17.1,0
6,2021-04-19,382.58,20.7,0
7,2021-04-19,523.32,23.9,0
8,2021-04-19,687.53,14.7,0
9,2021-04-19,234.73,21.6,0
10,2021-04-19,671.33,14.4,0
1,2021-04-20,153.71,28.9,1
2,2021-04-20,921.0,32.2,1
3,2021-04-20,701.01,13.3,1
4,2021-04-20,457.7,21.8,1
5,2021-04-20,307.43,19.7,1
6,2021-04-20,979.67,22.2,1
7,2021-04-20,231.52,34.0,1
8,2021-04-20,642.87,34.2,1
9,2021-04-20,697.45,16.8,1
10,2021-04-20,792.39,17.1,1
1,2021-04-21,689.03,32.1,2
2,2021-04-21,451.65,25.7,2
3,2021-04-21,515.22,14.0,2
4,2021-04-21,925.94,23.6,2
5,2021-04-21,587.52,16.6,2
6,2021-04-21,120.7,26.9,2
7,2021-04-21,706.7,18.4,2
8,2021-04-21,361.51,12.0,2
9,2021-04-21,993.58,32.8,2
10,2021-04-21,717.7,18.8,2
1,2021-04-22,722.46,23.5,3
2,2021-04-22,608.38,26.6,3
3,2021-04-22,683.82,13.9,3
4,2021-04-22,215.52,19.3,3
5,2021-04-22,346.21,14.8,3
6,2021-04-22,678.19,16.7,3
7,2021-04-22,821.25,34.4,3
8,2021-04-22,890.57,16.8,3
9,2021-04-22,218.69,19.4,3
10,2021-04-22,499.73,10.8,3
1,2021-04-23,257.77,24.4,4
2,2021-04-23,189.88,21.1,4
3,2021-04-23,131.53,10.9,4
4,2021-04-23,757.53,17.7,4
5,2021-04-23,858.4,10.5,4
6,2021-04-23,847.14,32.5,4
7,2021-04-23,181.84,21.6,4
8,2021-04-23,392.27,35.0,4
9,2021-04-23,948.66,18.0,4
10,2021-04-23,928.05,11.0,4
1,2021-04-24,575.3,26.9,5
2,2021-04-24,905.73,33.6,5
3,2021-04-24,784.67,24.4,5
4,2021-04-24,180.49,30.5,5
5,2021-04-24,538.2,34.9,5
6,2021-04-24,186.3,27.8,5
7,2021-04-24,330.32,19.7,5
8,2021-04-24,826.1,30.7,5
9,2021-04-24,626.41,29.9,5
10,2021-04-24,796.84,13.8,5
1,2021-04-25,645.46,16.2,6
2,2021-04-25,766.15,20.6,6
3,2021-04-25,493.85,16.7,6
4,2021-04-25,874.42,18.6,6
5,2021-04-25,342.13,17.8,6
6,2021-04-25,141.63,22.3,6
7,2021-04-25,424.13,19.4,6
8,2021-04-25,832.09,17.0,6
9,2021-04-25,710.28,30.4,6
10,2021-04-25,268.84,19.0,6
1,2021-04-26,599.18,31.1,0
2,2021-04-26,830.54,19.8,0
3,2021-04-26,702.89,23.0,0
4,2021-04-26,949.18,16.1,0
5,2021-04-26,474.19,33.8,0
6,2021-04-26,463.69,20.5,0
7,2021-04-26,421.21,11.1,0
8,2021-04-26,217.0,21.6,0
9,2021-04-26,821.14,13.4,0
10,2021-04-26,346.33,12.2,0
1,2021-04-27,973.94,23.3,1
2,2021-04-27,539.05,30.5,1
3,2021-04-27,593.63,21.3,1
4,2021-04-27,333.2,15.5,1
5,2021-04-27,830.45,20.9,1
6,2021-04-27,766.41,10.9,1
7,2021-04-27,497.95,16.0,1
8,2021-04-27,820.0,14.2,1
9,2021-04-27,684.47,31.5,1
10,2021-04-27,192.29,15.7,1
1,2021-04-28,466.87,14.7,2
2,2021-04-28,549.2,25.1,2
3,2021-04-28,574.45,15.1,2
4,2021-04-28,654.74,20.5,2
5,2021-04-28,755.59,19.0,2
6,2021-04-28,969.61,19.6,2
7,2021-04-28,931.81,15.0,2
8,2021-04-28,946.14,27.8,2
9,2021-04-28,775.68,25.4,2
10,2021-04-28,615.48,17.4,2
1,2021-04-29,535.38,32.5,3
2,2021-04-29,977.01,22.3,3
3,2021-04-29,426.92,17.1,3
4,2021-04-29,707.3,22.5,3
5,2021-04-29,833.32,19.0,3
6,2021-04-29,544.82,13.7,3
7,2021-04-29,603.24,29.3,3
8,2021-04-29,996.21,25.7,3
9,2021-04-29,668.1,29.1,3
10,2021-04-29,256.33,24.0,3
1,2021-04-30,459.46,34.4,4
2,2021-04-30,566.41,22.6,4
3,2021-04-30,740.78,22.6,4
4,2021-04-30,173.4,34.1,4
5,2021-04-30,453.63,17.6,4
6,2021-04-30,860.28,14.2,4
7,2021-04-30,702.15,32.1,4
8,2021-04-30,947.41,32.9,4
9,2021-04-30,262.16,29.1,4
10,2021-04-30,899.69,18.5,4
1,2021-05-01,304.5,24.2,5
2,2021-05-01,269.03,22.8,5
3,2021-05-01,827.59,11.1,5
4,2021-05-01,936.8,28.5,5
5,2021-05-01,419.25,11.3,5
6,2021-05-01,697.93,33.2,5
7,2021-05-01,206.88,10.3,5
8,2021-05-01,974.15,34.0,5
9,2021-05-01,925.65,32.7,5
10,2021-05-01,230.11,27.6,5
1,2021-05-02,488.24,21.5,6
2,2021-05-02,652.34,15.0,6
3,2021-05-02,935.88,22.4,6
4,2021-05-02,196.04,16.7,6
5,2021-05-02,671.58,15.0,6
6,2021-05-02,402.66,27.9,6
7,2021-05-02,431.04,19.7,6
8,2021-05-02,643.48,23.9,6
9,2021-05-02,351.77,11.9,6
10,2021-05-02,243.2,23.9,6
1,2021-05-03,566.16,34.9,0
2,2021-05-03,756.81,31.3,0
3,2021-05-03,452.79,31.0,0
4,2021-05-03,486.96,30.7,0
5,2021-05-03,941.41,22.0,0
6,2021-05-03,441.53,25.2,0
7,2021-05-03,337.6,19.0,0
8,2021-05-03,500.89,13.9,0
9,2021-05-03,863.93,21.3,0
10,2021-05-03,413.43,32.8,0
1,2021-05-04,481.03,25.8,1
2,2021-05-04,199.46,12.0,1
3,2021-05-04,457.28,22.3,1
4,2021-05-04,733.99,19.4,1
5,2021-05-04,506.07,21.5,1
6,2021-05-04,858.4,29.2,1
7,2021-05-04,303.15,10.9,1
8,2021-05-04,225.47,33.2,1
9,2021-05-04,827.84,19.3,1
10,2021-05-04,675.06,34.2,1
1,2021-05-05,915.67,17.3,2
2,2021-05-05,730.87,15.6,2
3,2021-05-05,402.9,25.2,2
4,2021-05-05,590.28,31.1,2
5,2021-05-05,871.02,13.8,2
6,2021-05-05,750.64,15.1,2
7,2021-05-05,671.34,18.2,2
8,2021-05-05,392.67,32.0,2
9,2021-05-05,852.26,11.0,2
10,2021-05-05,265.35,15.2,2
1,2021-05-06,272.45,21.4,3
2,2021-05-06,876.73,28.6,3
3,2021-05-06,984.43,33.2,3
4,2021-05-06,552.31,30.9,3
5,2021-05-06,513.81,11.4,3
6,2021-05-06,408.58,23.2,3
7,2021-05-06,590.64,33.9,3
8,2021-05-06,978.75,32.3,3
9,2021-05-06,857.48,16.3,3
10,2021-05-06,418.74,11.8,3
1,2021-05-07,235.06,25.1,4
2,2021-05-07,735.67,34.0,4
3,2021-05-07,574.85,14.9,4
4,2021-05-07,365.07,19.0,4
5,2021-05-07,680.71,15.5,4
6,2021-05-07,635.33,17.0,4
7,2021-05-07,193.02,34.1,4
8,2021-05-07,686.04,33.1,4
9,2021-05-07,545.66,29.8,4
10,2021-05-07,681.92,26.0,4
1,2021-05-08,354.49,18.3,5
2,2021-05-08,399.07,24.3,5
3,2021-05-08,800.49,14.6,5
4,2021-05-08,672.01,34.9,5
5,2021-05-08,640.06,16.9,5
6,2021-05-08,693.56,17.8,5
7,2021-05-08,337.17,23.8,5
8,2021-05-08,726.61,16.0,5
9,2021-05-08,152.3,33.9,5
10,2021-05-08,410.76,12.9,5
1,2021-05-09,126.34,23.6,6
2,2021-05-09,613.0,12.2,6
3,2021-05-09,730.93,21.0,6
4,2021-05-09,409.91,32.8,6
5,2021-05-09,488.92,23.3,6
6,2021-05-09,246.79,17.1,6
7,2021-05-09,232.25,20.8,6
8,2021-05-09,930.5,13.1,6
9,2021-05-09,428.51,19.6,6
10,2021-05-09,574.39,15.0,6
1,2021-05-10,842.35,15.9,0
2,2021-05-10,373.3,31.6,0
3,2021-05-10,291.54,34.8,0
4,2021-05-10,776.54,27.2,0
5,2021-05-10,919.64,10.2,0
6,2021-05-10,229.8,34.1,0
7,2021-05-10,917.24,25.3,0
8,2021-05-10,153.56,26.2,0
9,2021-05-10,272.7,32.2,0
10,2021-05-10,214.41,22.6,0
1,2021-05-11,510.79,33.6,1
2,2021-05-11,843.4,13.3,1
3,2021-05-11,799.02,12.7,1
4,2021-05-11,477.79,21.5,1
5,2021-05-11,658.64,15.9,1
6,2021-05-11,248.66,29.3,1
7,2021-05-11,550.15,16.4,1
8,2021-05-11,817.43,27.3,1
9,2021-05-11,876.96,26.4,1
10,2021-05-11,297.66,14.9,1
1,2021-05-12,751.0,12.3,2
2,2021-05-12,344.38,10.4,2
3,2021-05-12,283.93,24.2,2
4,2021-05-12,524.28,26.1,2
5,2021-05-12,527.86,32.0,2
6,2021-05-12,853.65,17.8,2
7,2021-05-12,515.54,26.8,2
8,2021-05-12,679.47,25.8,2
9,2021-05-12,404.89,11.4,2
10,2021-05-12,790.17,27.7,2
1,2021-05-13,787.73,33.1,3
2,2021-05-13,693.33,22.8,3
3,2021-05-13,584.79,12.0,3
4,2021-05-13,276.2,26.9,3
5,2021-05-13,895.76,11.1,3
6,2021-05-13,482.65,30.0,3
7,2021-05-13,354.52,26.4,3
8,2021-05-13,306.65,25.4,3
9,2021-05-13,368.54,29.3,3
10,2021-05-13,347.47,14.6,3
1,2021-05-14,650.03,17.6,4
2,2021-05-14,255.58,21.7,4
3,2021-05-14,401.63,30.0,4
4,2021-05-14,967.9,30.0,4
5,2021-05-14,787.31,10.6,4
6,2021-05-14,488.85,14.0,4
7,2021-05-14,405.09,30.0,4
8,2021-05-14,584.84,26.0,4
9,2021-05-14,806.84,22.9,4
10,2021-05-14,887.0,34.5,4
1,2021-05-15,366.82,24.3,5
2,2021-05-15,225.14,22.9,5
3,2021-05-15,857.86,34.2,5
4,2021-05-15,683.32,31.8,5
5,2021-05-15,188.56,21.3,5
6,2021-05-15,892.24,11.0,5
7,2021-05-15,302.45,11.4,5
8,2021-05-15,297.28,29.6,5
9,2021-05-15,166.17,23.5,5
10,2021-05-15,388.54,17.6,5
1,2021-05-16,539.56,32.4,6
2,2021-05-16,255.37,14.7,6
3,2021-05-16,284.89,17.8,6
4,2021-05-16,203.12,32.8,6
5,2021-05-16,267.27,16.7,6
6,2021-05-16,967.08,25.4,6
7,2021-05-16,695.71,11.3,6
8,2021-05-16,899.64,13.3,6
9,2021-05-16,623.7,14.5,6
10,2021-05-16,136.71,34.7,6
1,2021-05-17,587.24,25.9,0
2,2021-05-17,144.83,20.9,0
3,2021-05-17,214.48,26.3,0
4,2021-05-17,230.44,10.8,0
5,2021-05-17,680.42,13.9,0
6,2021-05-17,902.74,24.1,0
7,2021-05-17,298.74,15.6,0
8,2021-05-17,807.3,23.2,0
9,2021-05-17,917.95,14.4,0
10,2021-05-17,736.59,19.4,0
1,2021-05-18,668.88,19.0,1
2,2021-05-18,139.81,18.4,1
3,2021-05-18,977.46,31.8,1
4,2021-05-18,701.32,32.0,1
5,2021-05-18,120.31,28.4,1
6,2021-05-18,956.1,28.4,1
7,2021-05-18,555.88,33.9,1
8,2021-05-18,330.99,33.2,1
9,2021-05-18,110.34,32.9,1
10,2021-05-18,715.87,25.2,1
1,2021-05-19,459.13,32.1,2
2,2021-05-19,355.44,10.1,2
3,2021-05-19,961.44,23.9,2
4,2021-05-19,329.67,14.1,2
5,2021-05-19,514.11,34.2,2
6,2021-05-19,894.31,26.6,2
7,2021-05-19,655.14,20.6,2
8,2021-05-19,268.96,29.0,2
9,2021-05-19,763.13,17.2,2
10,2021-05-19,628.66,33.7,2
1,2021-05-20,565.86,19.0,3
2,2021-05-20,965.11,25.3,3
3,2021-05-20,443.66,15.0,3
4,2021-05-20,830.13,32.3,3
5,2021-05-20,870.68,12.3,3
6,2021-05-20,863.53,11.6,3
7,2021-05-20,403.54,12.6,3
8,2021-05-20,583.53,23.3,3
9,2021-05-20,152.28,19.8,3
10,2021-05-20,374.15,21.1,3
1,2021-05-21,225.69,30.0,4
2,2021-05-21,176.51,15.4,4
3,2021-05-21,195.41,24.3,4
4,2021-05-21,847.01,13.8,4
5,2021-05-21,888.88,27.6,4
6,2021-05-21,436.91,28.3,4
7,2021-05-21,601.35,31.8,4
8,2021-05-21,944.58,34.5,4
9,2021-05-21,399.74,25.7,4
10,2021-05-21,963.66,10.8,4
1,2021-05-22,960.07,28.8,5
2,2021-05-22,261.27,34.2,5
3,2021-05-22,916.57,17.5,5
4,2021-05-22,806.49,24.0,5
5,2021-05-22,181.66,21.0,5
6,2021-05-22,357.43,17.6,5
7,2021-05-22,563.69,21.4,5
8,2021-05-22,665.61,28.3,5
9,2021-05-22,821.6,12.7,5
10,2021-05-22,675.44,25.0,5
1,2021-05-23,867.68,14.6,6
2,2021-05-23,911.08,18.7,6
3,2021-05-23,964.54,27.5,6
4,2021-05-23,552.47,34.8,6
5,2021-05-23,498.83,12.7,6
6,2021-05-23,209.14,13.2,6
7,2021-05-23,748.7,26.4,6
8,2021-05-23,925.69,20.2,6
9,2021-05-23,431.1,10.9,6
10,2021-05-23,957.81,25.2,6
1,2021-05-24,368.0,24.6,0
2,2021-05-24,190.94,27.3,0
3,2021-05-24,649.87,12.2,0
4,2021-05-24,531.19,34.2,0
5,2021-05-24,505.22,15.8,0
6,2021-05-24,678.08,28.3,0
7,2021-05-24,150.01,23.6,0
8,2021-05-24,349.31,11.3,0
9,2021-05-24,617.25,31.1,0
10,2021-05-24,214.73,12.3,0
1,2021-05-25,997.83,18.6,1
2,2021-05-25,616.46,23.8,1
3,2021-05-25,218.47,27.7,1
4,2021-05-25,889.58,27.4,1
5,2021-05-25,636.8,32.8,1
6,2021-05-25,848.56,16.2,1
7,2021-05-25,972.73,17.3,1
8,2021-05-25,519.25,33.6,1
9,2021-05-25,299.06,21.1,1
10,2021-05-25,572.82,20.3,1
1,2021-05-26,334.45,10.4,2
2,2021-05-26,481.16,13.7,2
3,2021-05-26,739.61,18.5,2
4,2021-05-26,719.68,31.1,2
5,2021-05-26,367.74,33.5,2
6,2021-05-26,192.54,13.5,2
7,2021-05-26,274.74,22.8,2
8,2021-05-26,605.64,19.8,2
9,2021-05-26,468.56,25.0,2
10,2021-05-26,461.03,21.7,2
1,2021-05-27,504.25,32.5,3
2,2021-05-27,453.24,19.1,3
3,2021-05-27,289.21,15.8,3
4,2021-05-27,125.16,20.2,3
5,2021-05-27,282.3,14.8,3
6,2021-05-27,717.52,11.0,3
7,2021-05-27,176.44,24.1,3
8,2021-05-27,653.51,24.2,3
9,2021-05-27,283.8,26.8,3
10,2021-05-27,158.87,21.8,3
1,2021-05-28,123.39,13.2,4
2,2021-05-28,728.94,34.5,4
3,2021-05-28,824.51,22.2,4
4,2021-05-28,411.14,25.7,4
5,2021-05-28,959.13,17.6,4
6,2021-05-28,945.96,22.9,4
7,2021-05-28,279.91,11.8,4
8,2021-05-28,336.0,30.2,4
9,2021-05-28,778.89,22.7,4
10,2021-05-28,224.9,16.3,4
1,2021-05-29,671.49,27.6,5
2,2021-05-29,800.7,17.6,5
3,2021-05-29,187.15,10.3,5
4,2021-05-29,253.0,26.4,5
5,2021-05-29,591.3,22.2,5
6,2021-05-29,645.08,18.0,5
7,2021-05-29,892.41,15.9,5
8,2021-05-29,495.16,22.0,5
9,2021-05-29,372.14,24.8,5
10,2021-05-29,895.86,27.7,5
1,2021-05-30,646.81,33.1,6
2,2021-05-30,553.5,25.4,6
3,2021-05-30,547.18,13.8,6
4,2021-05-30,974.32,22.3,6
5,2021-05-30,221.74,26.1,6
6,2021-05-30,771.42,14.7,6
7,2021-05-30,282.0,11.1,6
8,2021-05-30,581.13,34.5,6
9,2021-05-30,505.72,11.6,6
10,2021-05-30,383.86,21.4,6
1,2021-05-31,237.77,31.3,0
2,2021-05-31,786.15,20.2,0
3,2021-05-31,679.64,11.9,0
4,2021-05-31,436.27,30.7,0
5,2021-05-31,439.99,21.0,0
6,2021-05-31,600.35,14.4,0
7,2021-05-31,988.17,33.6,0
8,2021-05-31,578.86,18.2,0
9,2021-05-31,248.54,28.0,0
10,2021-05-31,772.62,14.0,0
1,2021-06-01,581.24,14.5,1
2,2021-06-01,213.48,30.0,1
3,2021-06-01,513.28,34.5,1
4,2021-06-01,835.8,34.0,1
5,2021-06-01,630.29,34.9,1
6,2021-06-01,172.41,27.7,1
7,2021-06-01,743.33,17.6,1
8,2021-06-01,440.67,14.2,1
9,2021-06-01,723.03,20.2,1
10,2021-06-01,765.55,15.5,1
1,2021-06-02,681.81,17.1,2
2,2021-06-02,294.5,14.7,2
3,2021-06-02,743.71,24.2,2
4,2021-06-02,607.67,22.1,2
5,2021-06-02,498.92,15.6,2
6,2021-06-02,626.09,29.1,2
7,2021-06-02,481.27,17.4,2
8,2021-06-02,986.87,15.1,2
9,2021-06-02,252.54,31.5,2
10,2021-06-02,324.69,28.3,2
1,2021-06-03,230.69,16.8,3
2,2021-06-03,753.87,12.6,3
3,2021-06-03,896.03,25.7,3
4,2021-06-03,345.92,18.3,3
5,2021-06-03,138.0,10.1,3
6,2021-06-03,536.28,29.3,3
7,2021-06-03,937.2,33.5,3
8,2021-06-03,743.46,32.5,3
9,2021-06-03,927.61,19.3,3
10,2021-06-03,797.49,17.1,3
1,2021-06-04,406.09,24.1,4
2,2021-06-04,184.44,30.1,4
3,2021-06-04,476.74,17.6,4
4,2021-06-04,360.48,31.2,4
5,2021-06-04,346.88,33.6,4
6,2021-06-04,823.14,31.3,4
7,2021-06-04,376.74,31.0,4
8,2021-06-04,419.59,13.4,4
9,2021-06-04,198.4,20.7,4
10,2021-06-04,628.36,22.7,4
1,2021-06-05,459.33,31.4,5
2,2021-06-05,468.09,27.6,5
3,2021-06-05,570.76,23.6,5
4,2021-06-05,897.6,34.0,5
5,2021-06-05,649.68,34.3,5
6,2021-06-05,637.23,32.8,5
7,2021-06-05,650.56,13.6,5
8,2021-06-05,686.11,10.8,5
9,2021-06-05,453.62,26.7,5
10,2021-06-05,368.89,29.3,5
1,2021-06-06,917.39,33.2,6
2,2021-06-06,883.62,18.3,6
3,2021-06-06,499.32,24.9,6
4,2021-06-06,607.9,14.4,6
5,2021-06-06,311.71,17.2,6
6,2021-06-06,273.1,27.6,6
7,2021-06-06,461.92,33.9,6
8,2021-06-06,290.78,29.0,6
9,2021-06-06,369.75,17.5,6
10,2021-06-06,955.74,26.3,6
1,2021-06-07,437.95,29.7,0
2,2021-06-07,837.07,11.3,0
3,2021-06-07,665.87,21.7,0
4,2021-06-07,423.34,33.0,0
5,2021-06-07,707.17,32.9,0
6,2021-06-07,690.56,12.3,0
7,2021-06-07,775.55,28.8,0
8,2021-06-07,674.96,17.9,0
9,2021-06-07,402.84,15.8,0
10,2021-06-07,829.15,24.7,0
1,2021-06-08,864.28,27.4,1
2,2021-06-08,218.45,11.0,1
3,2021-06-08,288.81,24.1,1
4,2021-06-08,207.96,20.3,1
5,2021-06-08,857.81,30.5,1
6,2021-06-08,572.8,34.7,1
7,2021-06-08,305.87,22.7,1
8,2021-06-08,186.47,15.2,1
9,2021-06-08,582.61,12.2,1
10,2021-06-08,809.78,29.8,1
1,2021-06-09,629.37,22.5,2
2,2021-06-09,303.84,13.8,2
3,2021-06-09,424.06,20.6,2
4,2021-06-09,945.12,19.6,2
5,2021-06-09,852.22,15.1,2
6,2021-06-09,381.55,11.5,2
7,2021-06-09,853.85,27.2,2
8,2021-06-09,150.54,29.1,2
9,2021-06-09,297.37,13.5,2
10,2021-06-09,175.05,31.7,2
1,2021-06-10,548.82,31.2,3
2,2021-06-10,340.93,22.6,3
3,2021-06-10,349.21,17.9,3
4,2021-06-10,398.53,23.4,3
5,2021-06-10,989.88,17.1,3
6,2021-06-10,904.15,21.7,3
7,2021-06-10,896.05,15.1,3
8,2021-06-10,123.68,21.3,3
9,2021-06-10,549.53,25.2,3
10,2021-06-10,660.05,16.5,3
1,2021-06-11,803.33,18.3,4
2,2021-06-11,636.11,17.0,4
3,2021-06-11,827.05,30.8,4
4,2021-06-11,362.08,30.2,4
5,2021-06-11,154.14,32.1,4
6,2021-06-11,156.26,14.6,4
7,2021-06-11,111.57,31.7,4
8,2021-06-11,770.65,29.5,4
9,2021-06-11,159.67,29.7,4
10,2021-06-11,601.8,31.4,4
1,2021-06-12,698.06,25.7,5
2,2021-06-12,519.74,20.4,5
3,2021-06-12,490.47,28.0,5
4,2021-06-12,917.8,33.2,5
5,2021-06-12,551.46,26.1,5
6,2021-06-12,690.25,11.4,5
7,2021-06-12,804.4,15.9,5
8,2021-06-12,941.35,28.7,5
9,2021-06-12,190.02,27.1,5
10,2021-06-12,690.87,20.9,5
1,2021-06-13,793.55,10.1,6
2,2021-06-13,190.67,14.6,6
3,2021-06-13,652.71,15.8,6
4,2021-06-13,338.53,17.7,6
5,2021-06-13,508.78,32.1,6
6,2021-06-13,376.64,24.7,6
7,2021-06-13,218.33,14.5,6
8,2021-06-13,322.44,31.7,6
9,2021-06-13,105.99,21.9,6
10,2021-06-13,252.31,10.5,6
1,2021-06-14,157.24,22.8,0
2,2021-06-14,199.58,29.5,0
3,2021-06-14,715.63,24.1,0
4,2021-06-14,475.83,29.8,0
5,2021-06-14,616.33,16.8,0
6,2021-06-14,391.31,34.9,0
7,2021-06-14,886.36,11.1,0
8,2021-06-14,229.77,24.3,0
9,2021-06-14,629.63,13.0,0
10,2021-06-14,556.29,31.3,0
1,2021-06-15,968.42,29.0,1
2,2021-06-15,884.22,19.8,1
3,2021-06-15,718.7,22.1,1
4,2021-06-15,563.41,10.5,1
5,2021-06-15,396.55,17.7,1
6,2021-06-15,849.86,29.8,1
7,2021-06-15,435.94,13.8,1
8,2021-06-15,678.69,22.5,1
9,2021-06-15,308.81,20.0,1
10,2021-06-15,149.6,32.0,1
1,2021-06-16,487.28,33.6,2
2,2021-06-16,142.72,14.6,2
3,2021-06-16,913.01,24.4,2
4,2021-06-16,726.51,33.5,2
5,2021-06-16,858.38,33.7,2
6,2021-06-16,443.86,32.1,2
7,2021-06-16,900.51,13.2,2
8,2021-06-16,864.31,10.9,2
9,2021-06-16,237.73,12.5,2
10,2021-06-16,651.38,10.3,2
1,2021-06-17,417.06,15.2,3
2,2021-06-17,866.82,31.3,3
3,2021-06-17,965.99,34.9,3
4,2021-06-17,814.76,34.8,3
5,2021-06-17,920.78,22.3,3
6,2021-06-17,379.52,30.3,3
7,2021-06-17,268.61,10.0,3
8,2021-06-17,651.07,26.5,3
9,2021-06-17,438.4,26.9,3
10,2021-06-17,199.41,14.3,3
1,2021-06-18,262.16,29.2,4
2,2021-06-18,394.99,34.6,4
3,2021-06-18,776.6,29.9,4
4,2021-06-18,783.3,26.9,4
5,2021-06-18,879.1,19.6,4
6,2021-06-18,543.76,20.1,4
7,2021-06-18,135.19,32.3,4
8,2021-06-18,476.45,30.7,4
9,2021-06-18,958.01,18.0,4
10,2021-06-18,537.82,13.9,4
1,2021-06-19,264.99,21.8,5
2,2021-06-19,888.34,33.4,5
3,2021-06-19,734.38,20.7,5
4,2021-06-19,771.91,34.0,5
5,2021-06-19,695.64,27.7,5
6,2021-06-19,840.37,20.3,5
7,2021-06-19,844.1,30.4,5
8,2021-06-19,408.93,11.8,5
9,2021-06-19,691.81,18.0,5
10,2021-06-19,414.61,26.7,5
1,2021-06-20,345.66,11.2,6
2,2021-06-20,737.79,24.9,6
3,2021-06-20,214.97,18.7,6
4,2021-06-20,755.6,19.6,6
5,2021-06-20,388.95,22.3,6
6,2021-06-20,825.82,17.4,6
7,2021-06-20,866.72,34.5,6
8,2021-06-20,555.13,29.5,6
9,2021-06-20,482.14,13.8,6
10,2021-06-20,841.92,26.4,6
1,2021-06-21,935.1,11.8,0
2,2021-06-21,593.92,18.8,0
3,2021-06-21,109.39,19.9,0
4,2021-06-21,856.72,28.2,0
5,2021-06-21,555.81,10.7,0
6,2021-06-21,121.58,31.3,0
7,2021-06-21,859.22,26.7,0
8,2021-06-21,293.34,13.0,0
9,2021-06-21,560.49,27.4,0
10,2021-06-21,277.16,29.3,0
1,2021-06-22,166.06,32.0,1
2,2021-06-22,703.51,23.5,1
3,2021-06-22,986.79,22.2,1
4,2021-06-22,100.15,11.0,1
5,2021-06-22,170.58,19.9,1
6,2021-06-22,193.17,21.4,1
7,2021-06-22,430.3,28.8,1
8,2021-06-22,852.37,12.8,1
9,2021-06-22,524.01,18.8,1
10,2021-06-22,614.1,26.9,1
1,2021-06-23,319.64,32.4,2
2,2021-06-23,345.52,20.7,2
3,2021-06-23,974.55,20.5,2
4,2021-06-23,873.64,29.5,2
5,2021-06-23,488.35,33.8,2
6,2021-06-23,414.84,11.8,2
7,2021-06-23,185.55,19.7,2
8,2021-06-23,736.99,14.9,2
9,2021-06-23,648.72,13.5,2
10,2021-06-23,277.11,24.0,2
1,2021-06-24,947.8,14.2,3
2,2021-06-24,182.81,27.9,3
3,2021-06-24,605.63,18.5,3
4,2021-06-24,537.67,15.6,3
5,2021-06-24,272.29,20.8,3
6,2021-06-24,498.19,15.5,3
7,2021-06-24,868.78,34.9,3
8,2021-06-24,601.83,15.8,3
9,2021-06-24,238.19,16.5,3
10,2021-06-24,671.39,10.3,3
1,2021-06-25,761.53,22.9,4
2,2021-06-25,590.64,32.7,4
3,2021-06-25,954.09,14.9,4
4,2021-06-25,439.85,32.7,4
5,2021-06-25,181.8,12.8,4
6,2021-06-25,109.75,12.0,4
7,2021-06-25,558.26,12.6,4
8,2021-06-25,406.14,26.2,4
9,2021-06-25,124.45,19.8,4
10,2021-06-25,521.79,21.8,4
1,2021-06-26,784.59,26.7,5
2,2021-06-26,961.41,20.0,5
3,2021-06-26,602.97,17.2,5
4,2021-06-26,774.92,12.1,5
5,2021-06-26,985.39,11.2,5
6,2021-06-26,936.47,28.1,5
7,2021-06-26,586.38,26.5,5
8,2021-06-26,539.89,28.2,5
9,2021-06-26,883.42,23.4,5
10,2021-06-26,856.85,19.3,5
1,2021-06-27,454.02,24.4,6
2,2021-06-27,219.39,28.3,6
3,2021-06-27,625.64,12.3,6
4,2021-06-27,775.61,32.5,6
5,2021-06-27,603.47,17.9,6
6,2021-06-27,395.52,22.3,6
7,2021-06-27,526.08,15.7,6
8,2021-06-27,181.82,26.3,6
9,2021-06-27,938.85,20.0,6
10,2021-06-27,839.43,21.8,6
1,2021-06-28,830.42,27.7,0
2,2021-06-28,661.85,11.1,0
3,2021-06-28,146.78,15.4,0
4,2021-06-28,628.47,29.4,0
5,2021-06-28,120.82,22.4,0
6,2021-06-28,334.79,27.4,0
7,2021-06-28,766.09,21.8,0
8,2021-06-28,953.45,12.0,0
9,2021-06-28,943.54,19.5,0
10,2021-06-28,627.79,23.5,0
1,2021-06-29,259.88,17.7,1
2,2021-06-29,913.69,10.4,1
3,2021-06-29,907.33,12.6,1
4,2021-06-29,730.34,22.8,1
5,2021-06-29,437.87,10.1,1
6,2021-06-29,698.77,25.3,1
7,2021-06-29,738.31,23.5,1
8,2021-06-29,645.5,20.1,1
9,2021-06-29,237.6,29.1,1
10,2021-06-29,765.76,23.8,1
1,2021-06-30,860.33,16.2,2
2,2021-06-30,687.05,15.3,2
3,2021-06-30,785.76,29.6,2
4,2021-06-30,710.63,26.8,2
5,2021-06-30,712.99,23.0,2
6,2021-06-30,200.05,21.6,2
7,2021-06-30,674.94,19.7,2
8,2021-06-30,683.38,23.5,2
9,2021-06-30,712.35,11.0,2
10,2021-06-30,712.16,28.3,2
1,2021-07-01,218.45,17.4,3
2,2021-07-01,324.65,34.2,3
3,2021-07-01,233.22,19.8,3
4,2021-07-01,994.31,13.2,3
5,2021-07-01,897.36,15.3,3
6,2021-07-01,126.73,22.0,3
7,2021-07-01,896.61,28.4,3
8,2021-07-01,168.51,27.8,3
9,2021-07-01,982.86,28.2,3
10,2021-07-01,885.95,14.8,3
1,2021-07-02,855.27,31.7,4
2,2021-07-02,397.2,21.0,4
3,2021-07-02,832.19,18.0,4
4,2021-07-02,334.74,25.4,4
5,2021-07-02,313.87,19.4,4
6,2021-07-02,665.81,16.4,4
7,2021-07-02,538.91,21.7,4
8,2021-07-02,225.82,24.6,4
9,2021-07-02,325.58,17.4,4
10,2021-07-02,762.11,30.9,4
1,2021-07-03,178.45,19.9,5
2,2021-07-03,615.0,20.3,5
3,2021-07-03,553.2,17.8,5
4,2021-07-03,794.77,18.4,5
5,2021-07-03,377.55,32.5,5
6,2021-07-03,399.4,25.7,5
7,2021-07-03,477.11,15.0,5
8,2021-07-03,247.91,29.3,5
9,2021-07-03,565.9,17.6,5
10,2021-07-03,260.38,18.6,5
1,2021-07-04,698.28,28.6,6
2,2021-07-04,968.07,20.7,6
3,2021-07-04,795.97,27.2,6
4,2021-07-04,568.99,22.7,6
5,2021-07-04,664.54,13.9,6
6,2021-07-04,787.57,23.1,6
7,2021-07-04,708.21,18.5,6
8,2021-07-04,138.0,14.3,6
9,2021-07-04,589.23,28.5,6
10,2021-07-04,179.25,30.6,6
1,2021-07-05,883.53,34.3,0
2,2021-07-05,543.55,33.3,0
3,2021-07-05,113.98,11.6,0
4,2021-07-05,821.0,28.6,0
5,2021-07-05,207.32,32.8,0
6,2021-07-05,102.41,32.3,0
7,2021-07-05,245.65,16.1,0
8,2021-07-05,647.89,19.7,0
9,2021-07-05,966.33,26.7,0
10,2021-07-05,291.78,15.2,0
1,2021-07-06,652.92,24.9,1
2,2021-07-06,629.64,12.3,1
3,2021-07-06,594.63,16.3,1
4,2021-07-06,112.26,20.8,1
5,2021-07-06,483.52,32.2,1
6,2021-07-06,205.17,18.2,1
7,2021-07-06,174.93,33.7,1
8,2021-07-06,352.32,10.1,1
9,2021-07-06,943.69,19.2,1
10,2021-07-06,593.87,31.0,1
1,2021-07-07,338.23,25.3,2
2,2021-07-07,835.66,20.9,2
3,2021-07-07,540.46,15.8,2
4,2021-07-07,151.66,31.4,2
5,2021-07-07,781.68,22.9,2
6,2021-07-07,574.12,18.0,2
7,2021-07-07,736.15,19.5,2
8,2021-07-07,561.06,25.2,2
9,2021-07-07,767.35,32.6,2
10,2021-07-07,626.14,16.8,2
1,2021-07-08,175.88,14.9,3
2,2021-07-08,870.38,25.9,3
3,2021-07-08,961.85,13.0,3
4,2021-07-08,259.0,21.3,3
5,2021-07-08,917.46,13.0,3
6,2021-07-08,139.29,34.6,3
7,2021-07-08,862.81,32.0,3
8,2021-07-08,270.1,33.3,3
9,2021-07-08,719.17,17.9,3
10,2021-07-08,311.53,11.0,3
1,2021-07-09,501.12,29.5,4
2,2021-07-09,863.5,33.4,4
3,2021-07-09,552.03,27.5,4
4,2021-07-09,476.56,22.2,4
5,2021-07-09,429.63,10.3,4
6,2021-07-09,359.36,11.3,4
7,2021-07-09,132.62,15.7,4
8,2021-07-09,154.04,28.7,4
9,2021-07-09,790.04,11.6,4
10,2021-07-09,507.27,18.2,4
1,2021-07-10,679.22,25.1,5
2,2021-07-10,999.64,33.1,5
3,2021-07-10,972.83,17.1,5
4,2021-07-10,407.08,16.1,5
5,2021-07-10,308.19,30.5,5
6,2021-07-10,724.96,13.2,5
7,2021-07-10,767.96,16.9,5
8,2021-07-10,305.79,17.5,5
9,2021-07-10,172.15,13.4,5
10,2021-07-10,742.29,19.9,5
1,2021-07-11,537.24,25.9,6
2,2021-07-11,467.14,25.5,6
3,2021-07-11,721.68,33.8,6
4,2021-07-11,189.83,19.0,6
5,2021-07-11,403.04,24.2,6
6,2021-07-11,701.11,27.9,6
7,2021-07-11,741.58,27.4,6
8,2021-07-11,867.48,10.2,6
9,2021-07-11,900.55,14.4,6
10,2021-07-11,824.4,24.2,6
1,2021-07-12,384.62,16.7,0
2,2021-07-12,538.85,12.3,0
3,2021-07-12,775.73,27.1,0
4,2021-07-12,226.43,24.4,0
5,2021-07-12,495.45,26.4,0
6,2021-07-12,633.9,33.6,0
7,2021-07-12,376.91,34.6,0
8,2021-07-12,180.91,30.7,0
9,2021-07-12,412.44,23.6,0
10,2021-07-12,457.5,13.1,0
1,2021-07-13,762.08,23.0,1
2,2021-07-13,953.18,34.1,1
3,2021-07-13,407.98,26.8,1
4,2021-07-13,305.48,25.2,1
5,2021-07-13,531.7,12.3,1
6,2021-07-13,120.87,13.5,1
7,2021-07-13,363.97,23.2,1
8,2021-07-13,200.96,31.6,1
9,2021-07-13,558.31,24.0,1
10,2021-07-13,602.46,18.0,1
1,2021-07-14,259.78,13.0,2
2,2021-07-14,684.58,24.3,2
3,2021-07-14,946.2,29.6,2
4,2021-07-14,503.38,18.2,2
5,2021-07-14,365.97,12.6,2
6,2021-07-14,147.29,23.3,2
7,2021-07-14,848.45,29.6,2
8,2021-07-14,664.69,22.9,2
9,2021-07-14,359.11,10.7,2
10,2021-07-14,959.85,31.6,2
1,2021-07-15,652.97,16.8,3
2,2021-07-15,475.71,13.3,3
3,2021-07-15,192.54,25.6,3
4,2021-07-15,362.9,24.0,3
5,2021-07-15,262.81,22.4,3
6,2021-07-15,395.12,15.2,3
7,2021-07-15,587.68,31.1,3
8,2021-07-15,988.84,21.2,3
9,2021-07-15,477.56,18.4,3
10,2021-07-15,192.45,24.9,3
1,2021-07-16,706.24,14.2,4
2,2021-07-16,480.2,32.7,4
3,2021-07-16,168.32,20.3,4
4,2021-07-16,415.77,10.2,4
5,2021-07-16,912.59,32.9,4
6,2021-07-16,891.97,12.6,4
7,2021-07-16,800.7,14.1,4
8,2021-07-16,471.04,13.9,4
9,2021-07-16,990.53,32.4,4
10,2021-07-16,831.01,18.5,4
1,2021-07-17,233.85,28.2,5
2,2021-07-17,472.33,21.2,5
3,2021-07-17,649.82,34.6,5
4,2021-07-17,706.41,13.0,5
5,2021-07-17,828.47,12.1,5
6,2021-07-17,493.93,29.7,5
7,2021-07-17,754.62,19.5,5
8,2021-07-17,293.43,10.2,5
9,2021-07-17,805.34,16.1,5
10,2021-07-17,871.33,15.1,5
1,2021-07-18,362.77,28.2,6
2,2021-07-18,722.89,13.9,6
3,2021-07-18,410.06,28.7,6
4,2021-07-18,126.48,11.2,6
5,2021-07-18,184.61,30.5,6
6,2021-07-18,893.54,34.2,6
7,2021-07-18,534.41,29.9,6
8,2021-07-18,823.21,19.6,6
9,2021-07-18,864.12,14.4,6
10,2021-07-18,819.73,28.5,6
1,2021-07-19,285.45,13.4,0
2,2021-07-19,901.24,24.7,0
3,2021-07-19,545.03,11.3,0
4,2021-07-19,433.14,19.5,0
5,2021-07-19,378.8,15.3,0
6,2021-07-19,984.49,30.1,0
7,2021-07-19,348.7,18.0,0
8,2021-07-19,901.37,35.0,0
9,2021-07-19,591.6,15.9,0
10,2021-07-19,902.79,15.7,0
1,2021-07-20,863.1,23.2,1
2,2021-07-20,171.92,28.6,1
3,2021-07-20,982.3,32.5,1
4,2021-07-20,520.0,28.5,1
5,2021-07-20,506.03,27.2,1
6,2021-07-20,893.47,23.1,1
7,2021-07-20,753.94,10.6,1
8,2021-07-20,578.12,29.0,1
9,2021-07-20,595.49,17.0,1
10,2021-07-20,889.52,31.8,1
1,2021-07-21,917.49,21.9,2
2,2021-07-21,231.05,11.3,2
3,2021-07-21,718.53,17.5,2
4,2021-07-21,350.57,22.9,2
5,2021-07-21,895.01,19.9,2
6,2021-07-21,847.75,20.8,2
7,2021-07-21,102.82,27.6,2
8,2021-07-21,189.51,24.0,2
9,2021-07-21,878.79,25.4,2
10,2021-07-21,130.21,21.8,2
1,2021-07-22,377.82,12.4,3
2,2021-07-22,209.73,17.2,3
3,2021-07-22,918.51,12.7,3
4,2021-07-22,857.25,30.9,3
5,2021-07-22,446.94,22.9,3
6,2021-07-22,256.32,23.2,3
7,2021-07-22,219.18,18.7,3
8,2021-07-22,648.21,15.2,3
9,2021-07-22,294.4,28.7,3
10,2021-07-22,184.42,29.7,3
1,2021-07-23,268.26,15.0,4
2,2021-07-23,858.45,16.7,4
3,2021-07-23,837.69,18.7,4
4,2021-07-23,581.27,25.1,4
5,2021-07-23,791.43,24.2,4
6,2021-07-23,753.58,11.4,4
7,2021-07-23,270.95,20.2,4
8,2021-07-23,382.58,14.4,4
9,2021-07-23,757.13,11.8,4
10,2021-07-23,179.67,28.5,4
1,2021-07-24,833.43,26.8,5
2,2021-07-24,915.61,29.1,5
3,2021-07-24,324.27,26.0,5
4,2021-07-24,159.95,25.8,5
5,2021-07-24,991.94,16.8,5
6,2021-07-24,504.49,32.1,5
7,2021-07-24,201.11,27.1,5
8,2021-07-24,484.86,18.9,5
9,2021-07-24,558.37,24.5,5
10,2021-07-24,362.36,10.6,5
1,2021-07-25,921.62,29.6,6
2,2021-07-25,600.83,32.0,6
3,2021-07-25,260.05,15.5,6
4,2021-07-25,815.88,16.2,6
5,2021-07-25,245.93,25.9,6
6,2021-07-25,966.49,20.8,6
7,2021-07-25,750.44,11.1,6
8,2021-07-25,171.78,21.4,6
9,2021-07-25,135.89,12.7,6
10,2021-07-25,495.68,32.1,6
1,2021-07-26,259.18,20.1,0
2,2021-07-26,442.2,14.3,0
3,2021-07-26,908.93,31.1,0
4,2021-07-26,651.8,30.7,0
5,2021-07-26,562.45,22.7,0
6,2021-07-26,722.17,24.2,0
7,2021-07-26,268.56,10.2,0
8,2021-07-26,557.21,17.1,0
9,2021-07-26,792.91,14.2,0
10,2021-07-26,794.4,27.3,0
1,2021-07-27,651.17,14.0,1
2,2021-07-27,142.44,26.5,1
3,2021-07-27,525.96,23.9,1
4,2021-07-27,554.14,22.1,1
5,2021-07-27,941.56,15.6,1
6,2021-07-27,631.8,22.2,1
7,2021-07-27,524.02,19.2,1
8,2021-07-27,294.86,18.2,1
9,2021-07-27,130.54,29.0,1
10,2021-07-27,105.01,12.0,1
1,2021-07-28,362.71,26.2,2
2,2021-07-28,948.9,11.6,2
3,2021-07-28,171.44,17.3,2
4,2021-07-28,201.69,28.0,2
5,2021-07-28,300.63,22.6,2
6,2021-07-28,499.12,21.4,2
7,2021-07-28,488.73,13.7,2
8,2021-07-28,189.31,28.4,2
9,2021-07-28,825.4,34.4,2
10,2021-07-28,521.97,10.6,2
1,2021-07-29,515.15,17.2,3
2,2021-07-29,943.82,10.4,3
3,2021-07-29,543.74,27.8,3
4,2021-07-29,943.64,14.8,3
5,2021-07-29,847.0,30.2,3
6,2021-07-29,177.07,13.9,3
7,2021-07-29,326.29,34.8,3
8,2021-07-29,926.53,20.3,3
9,2021-07-29,236.19,24.9,3
10,2021-07-29,899.37,33.5,3
1,2021-07-30,561.72,19.6,4
2,2021-07-30,192.87,25.8,4
3,2021-07-30,587.37,32.7,4
4,2021-07-30,407.38,21.3,4
5,2021-07-30,251.11,12.9,4
6,2021-07-30,711.77,10.0,4
7,2021-07-30,283.78,15.3,4
8,2021-07-30,941.31,27.5,4
9,2021-07-30,590.07,19.2,4
10,2021-07-30,362.42,22.3,4
1,2021-07-31,812.12,21.9,5
2,2021-07-31,974.57,29.1,5
3,2021-07-31,217.68,22.9,5
4,2021-07-31,479.06,16.0,5
5,2021-07-31,584.3,28.8,5
6,2021-07-31,733.21,18.8,5
7,2021-07-31,574.65,11.6,5
8,2021-07-31,138.82,17.3,5
9,2021-07-31,218.11,22.2,5
10,2021-07-31,745.33,11.5,5
1,2021-08-01,506.16,29.9,6
2,2021-08-01,991.05,16.3,6
3,2021-08-01,995.24,28.1,6
4,2021-08-01,232.54,17.5,6
5,2021-08-01,582.66,15.5,6
6,2021-08-01,258.85,26.6,6
7,2021-08-01,276.53,17.3,6
8,2021-08-01,486.16,25.8,6
9,2021-08-01,719.42,27.2,6
10,2021-08-01,335.24,20.4,6
1,2021-08-02,559.87,29.5,0
2,2021-08-02,952.45,29.7,0
3,2021-08-02,669.62,15.1,0
4,2021-08-02,222.29,27.1,0
5,2021-08-02,442.32,13.1,0
6,2021-08-02,680.04,16.6,0
7,2021-08-02,464.11,11.7,0
8,2021-08-02,905.99,12.6,0
9,2021-08-02,397.11,22.2,0
10,2021-08-02,177.72,23.7,0
1,2021-08-03,340.24,15.7,1
2,2021-08-03,262.75,26.9,1
3,2021-08-03,544.19,10.2,1
4,2021-08-03,802.77,14.8,1
5,2021-08-03,791.47,17.1,1
6,2021-08-03,957.32,25.6,1
7,2021-08-03,681.82,26.7,1
8,2021-08-03,759.73,25.4,1
9,2021-08-03,155.41,15.2,1
10,2021-08-03,234.44,15.0,1
1,2021-08-04,184.54,34.6,2
2,2021-08-04,610.89,22.5,2
3,2021-08-04,711.57,14.8,2
4,2021-08-04,984.25,31.4,2
5,2021-08-04,949.69,16.9,2
6,2021-08-04,282.25,33.4,2
7,2021-08-04,883.3,34.4,2
8,2021-08-04,834.61,13.1,2
9,2021-08-04,422.79,18.4,2
10,2021-08-04,420.12,34.8,2
1,2021-08-05,857.59,28.2,3
2,2021-08-05,376.15,27.9,3
3,2021-08-05,640.72,23.7,3
4,2021-08-05,865.15,24.1,3
5,2021-08-05,186.78,19.5,3
6,2021-08-05,282.6,13.2,3
7,2021-08-05,117.35,17.0,3
8,2021-08-05,717.53,24.4,3
9,2021-08-05,587.78,34.2,3
10,2021-08-05,406.98,15.1,3
1,2021-08-06,401.77,34.4,4
2,2021-08-06,415.02,24.1,4
3,2021-08-06,144.23,21.9,4
4,2021-08-06,559.91,12.1,4
5,2021-08-06,962.76,18.2,4
6,2021-08-06,770.01,28.9,4
7,2021-08-06,753.73,10.5,4
8,2021-08-06,736.52,24.9,4
9,2021-08-06,641.75,27.9,4
10,2021-08-06,784.28,25.5,4
1,2021-08-07,213.37,32.9,5
2,2021-08-07,433.12,33.7,5
3,2021-08-07,813.82,25.1,5
4,2021-08-07,907.52,22.0,5
5,2021-08-07,989.83,15.0,5
6,2021-08-07,910.16,13.6,5
7,2021-08-07,642.61,12.2,5
8,2021-08-07,334.28,28.5,5
9,2021-08-07,705.74,34.4,5
10,2021-08-07,527.62,19.4,5
1,2021-08-08,163.76,19.1,6
2,2021-08-08,319.6,15.4,6
3,2021-08-08,884.21,27.1,6
4,2021-08-08,566.66,33.0,6
5,2021-08-08,184.33,22.4,6
6,2021-08-08,945.89,23.3,6
7,2021-08-08,909.64,18.3,6
8,2021-08-08,544.65,21.9,6
9,2021-08-08,772.26,15.0,6
10,2021-08-08,519.44,13.9,6
1,2021-08-09,687.7,19.6,0
2,2021-08-09,568.78,13.7,0
3,2021-08-09,453.46,13.6,0
4,2021-08-09,753.73,11.0,0
5,2021-08-09,774.57,24.0,0
6,2021-08-09,207.46,27.1,0
7,2021-08-09,593.51,31.4,0
8,2021-08-09,330.05,25.5,0
9,2021-08-09,727.51,27.0,0
10,2021-08-09,733.52,32.0,0
1,2021-08-10,971.13,17.9,1
2,2021-08-10,663.31,11.8,1
3,2021-08-10,740.34,33.3,1
4,2021-08-10,667.84,22.8,1
5,2021-08-10,227.17,11.1,1
6,2021-08-10,765.56,12.0,1
7,2021-08-10,234.26,12.3,1
8,2021-08-10,158.9,17.2,1
9,2021-08-10,503.77,20.8,1
10,2021-08-10,383.88,13.4,1
1,2021-08-11,375.24,25.4,2
2,2021-08-11,313.63,18.0,2
3,2021-08-11,786.21,11.9,2
4,2021-08-11,386.7,26.9,2
5,2021-08-11,465.14,21.9,2
6,2021-08-11,867.98,13.9,2
7,2021-08-11,506.18,25.1,2
8,2021-08-11,595.58,14.7,2
9,2021-08-11,522.07,30.2,2
10,2021-08-11,647.34,20.0,2
1,2021-08-12,248.83,13.7,3
2,2021-08-12,370.67,10.4,3
3,2021-08-12,644.42,23.0,3
4,2021-08-12,419.03,25.0,3
5,2021-08-12,300.88,13.8,3
6,2021-08-12,780.62,20.6,3
7,2021-08-12,736.64,25.8,3
8,2021-08-12,377.79,29.0,3
9,2021-08-12,685.4,18.2,3
10,2021-08-12,185.37,22.8,3
1,2021-08-13,290.83,32.7,4
2,2021-08-13,600.85,18.1,4
3,2021-08-13,447.08,23.8,4
4,2021-08-13,780.03,24.6,4
5,2021-08-13,932.33,27.8,4
6,2021-08-13,579.56,10.4,4
7,2021-08-13,382.13,13.4,4
8,2021-08-13,467.82,17.8,4
9,2021-08-13,582.81,25.5,4
10,2021-08-13,291.57,20.0,4
1,2021-08-14,538.35,28.7,5
2,2021-08-14,791.59,16.9,5
3,2021-08-14,340.36,17.4,5
4,2021-08-14,633.17,11.8,5
5,2021-08-14,922.03,14.2,5
6,2021-08-14,487.14,16.4,5
7,2021-08-14,241.13,34.8,5
8,2021-08-14,173.6,24.9,5
9,2021-08-14,250.74,16.7,5
10,2021-08-14,516.44,13.8,5
1,2021-08-15,762.34,10.9,6
2,2021-08-15,761.91,33.0,6
3,2021-08-15,674.42,25.5,6
4,2021-08-15,896.11,13.1,6
5,2021-08-15,985.94,34.3,6
6,2021-08-15,180.18,29.2,6
7,2021-08-15,826.36,17.9,6
8,2021-08-15,427.73,31.7,6
9,2021-08-15,144.41,19.5,6
10,2021-08-15,875.74,20.4,6
1,2021-08-16,261.95,20.9,0
2,2021-08-16,698.19,16.0,0
3,2021-08-16,786.78,30.0,0
4,2021-08-16,499.14,21.6,0
5,2021-08-16,251.8,19.8,0
6,2021-08-16,780.89,27.3,0
7,2021-08-16,376.95,32.5,0
8,2021-08-16,173.89,11.9,0
9,2021-08-16,221.24,33.7,0
10,2021-08-16,981.02,26.5,0
1,2021-08-17,108.03,34.9,1
2,2021-08-17,442.9,27.3,1
3,2021-08-17,308.98,17.2,1
4,2021-08-17,914.23,19.5,1
5,2021-08-17,895.45,34.5,1
6,2021-08-17,789.59,15.4,1
7,2021-08-17,510.98,26.7,1
8,2021-08-17,277.46,29.4,1
9,2021-08-17,195.7,12.3,1
10,2021-08-17,668.37,19.8,1
1,2021-08-18,361.16,32.8,2
2,2021-08-18,543.01,16.6,2
3,2021-08-18,774.93,33.2,2
4,2021-08-18,159.33,34.7,2
5,2021-08-18,621.85,32.7,2
6,2021-08-18,869.99,18.3,2
7,2021-08-18,905.22,19.5,2
8,2021-08-18,416.52,29.3,2
9,2021-08-18,587.28,12.6,2
10,2021-08-18,793.94,10.1,2
1,2021-08-19,277.04,15.0,3
2,2021-08-19,887.73,20.3,3
3,2021-08-19,889.99,20.3,3
4,2021-08-19,496.78,27.6,3
5,2021-08-19,634.78,27.5,3
6,2021-08-19,866.18,27.0,3
7,2021-08-19,559.96,12.4,3
8,2021-08-19,694.64,23.4,3
9,2021-08-19,878.94,20.4,3
10,2021-08-19,726.11,22.2,3
1,2021-08-20,133.3,29.9,4
2,2021-08-20,338.17,19.5,4
3,2021-08-20,778.4,30.0,4
4,2021-08-20,340.16,14.0,4
5,2021-08-20,690.46,25.2,4
6,2021-08-20,622.29,12.2,4
7,2021-08-20,362.32,32.7,4
8,2021-08-20,307.47,29.5,4
9,2021-08-20,384.19,26.8,4
10,2021-08-20,903.07,22.9,4
1,2021-08-21,893.3,16.5,5
2,2021-08-21,902.38,11.3,5
3,2021-08-21,950.23,12.8,5
4,2021-08-21,446.59,18.0,5
5,2021-08-21,975.4,24.3,5
6,2021-08-21,359.71,32.6,5
7,2021-08-21,307.23,22.7,5
8,2021-08-21,481.89,18.7,5
9,2021-08-21,978.89,30.3,5
10,2021-08-21,545.58,17.3,5
1,2021-08-22,592.84,29.3,6
2,2021-08-22,459.6,33.8,6
3,2021-08-22,451.71,32.5,6
4,2021-08-22,501.71,34.9,6
5,2021-08-22,432.09,21.5,6
6,2021-08-22,422.88,24.0,6
7,2021-08-22,674.08,15.1,6
8,2021-08-22,630.63,20.7,6
9,2021-08-22,194.66,16.0,6
10,2021-08-22,685.05,18.6,6
1,2021-08-23,951.44,23.0,0
2,2021-08-23,694.94,10.9,0
3,2021-08-23,880.74,23.8,0
4,2021-08-23,188.9,11.2,0
5,2021-08-23,167.99,34.7,0
6,2021-08-23,680.49,26.6,0
7,2021-08-23,947.99,12.1,0
8,2021-08-23,416.34,17.2,0
9,2021-08-23,637.38,13.7,0
10,2021-08-23,680.38,17.0,0
1,2021-08-24,895.32,23.7,1
2,2021-08-24,651.93,14.4,1
3,2021-08-24,789.07,32.9,1
4,2021-08-24,427.84,29.4,1
5,2021-08-24,822.46,16.7,1
6,2021-08-24,552.49,10.1,1
7,2021-08-24,312.71,20.5,1
8,2021-08-24,750.02,32.8,1
9,2021-08-24,679.03,23.9,1
10,2021-08-24,949.86,30.1,1
1,2021-08-25,733.28,29.9,2
2,2021-08-25,384.55,19.0,2
3,2021-08-25,252.59,27.6,2
4,2021-08-25,928.2,28.5,2
5,2021-08-25,693.36,20.4,2
6,2021-08-25,638.25,31.2,2
7,2021-08-25,441.75,20.4,2
8,2021-08-25,981.2,28.1,2
9,2021-08-25,219.57,34.6,2
10,2021-08-25,257.8,21.0,2
1,2021-08-26,193.55,10.7,3
2,2021-08-26,640.12,23.9,3
3,2021-08-26,913.34,20.0,3
4,2021-08-26,335.61,11.6,3
5,2021-08-26,213.57,28.3,3
6,2021-08-26,524.52,15.5,3
7,2021-08-26,990.28,29.8,3
8,2021-08-26,233.51,15.1,3
9,2021-08-26,193.71,25.6,3
10,2021-08-26,221.66,25.0,3
1,2021-08-27,454.22,18.7,4
2,2021-08-27,316.02,23.3,4
3,2021-08-27,689.62,25.0,4
4,2021-08-27,320.68,33.5,4
5,2021-08-27,335.33,28.7,4
6,2021-08-27,409.0,29.8,4
7,2021-08-27,787.7,26.1,4
8,2021-08-27,491.1,32.1,4
9,2021-08-27,659.49,31.3,4
10,2021-08-27,970.3,16.9,4
1,2021-08-28,710.35,19.5,5
2,2021-08-28,516.97,32.6,5
3,2021-08-28,391.31,15.1,5
4,2021-08-28,868.61,20.3,5
5,2021-08-28,351.75,10.5,5
6,2021-08-28,477.4,21.2,5
7,2021-08-28,719.72,19.5,5
8,2021-08-28,134.55,34.2,5
9,2021-08-28,895.59,10.2,5
10,2021-08-28,763.68,10.7,5
1,2021-08-29,802.58,14.7,6
2,2021-08-29,691.26,34.7,6
3,2021-08-29,104.2,34.0,6
4,2021-08-29,687.25,19.8,6
5,2021-08-29,154.25,22.0,6
6,2021-08-29,731.33,32.7,6
7,2021-08-29,869.5,30.0,6
8,2021-08-29,564.08,19.1,6
9,2021-08-29,293.82,13.7,6
10,2021-08-29,326.82,12.5,6
1,2021-08-30,519.38,26.1,0
2,2021-08-30,493.84,22.0,0
3,2021-08-30,760.02,18.6,0
4,2021-08-30,177.21,22.3,0
5,2021-08-30,146.33,18.5,0
6,2021-08-30,959.01,11.6,0
7,2021-08-30,308.98,26.1,0
8,2021-08-30,148.07,24.5,0
9,2021-08-30,901.05,15.5,0
10,2021-08-30,626.26,28.4,0
1,2021-08-31,862.37,13.3,1
2,2021-08-31,674.09,31.5,1
3,2021-08-31,601.02,29.8,1
4,2021-08-31,734.69,32.2,1
5,2021-08-31,919.66,24.6,1
6,2021-08-31,904.47,33.7,1
7,2021-08-31,462.68,33.2,1
8,2021-08-31,306.17,21.3,1
9,2021-08-31,263.38,26.5,1
10,2021-08-31,640.55,27.2,1
1,2021-09-01,668.35,32.8,2
2,2021-09-01,735.15,22.0,2
3,2021-09-01,300.31,19.2,2
4,2021-09-01,113.18,17.4,2
5,2021-09-01,531.05,19.7,2
6,2021-09-01,756.46,27.2,2
7,2021-09-01,240.13,29.3,2
8,2021-09-01,211.99,34.0,2
9,2021-09-01,187.65,27.0,2
10,2021-09-01,893.31,34.9,2
1,2021-09-02,291.58,31.0,3
2,2021-09-02,239.73,13.2,3
3,2021-09-02,584.51,14.4,3
4,2021-09-02,966.54,14.6,3
5,2021-09-02,718.06,19.8,3
6,2021-09-02,106.77,19.0,3
7,2021-09-02,551.38,30.5,3
8,2021-09-02,221.29,29.6,3
9,2021-09-02,689.17,24.6,3
10,2021-09-02,866.33,21.9,3
1,2021-09-03,390.67,14.8,4
2,2021-09-03,311.37,31.5,4
3,2021-09-03,361.15,15.1,4
4,2021-09-03,186.48,32.1,4
5,2021-09-03,363.47,29.0,4
6,2021-09-03,518.64,26.2,4
7,2021-09-03,373.99,24.4,4
8,2021-09-03,713.8,12.4,4
9,2021-09-03,290.55,16.3,4
10,2021-09-03,655.75,31.4,4
1,2021-09-04,278.54,23.6,5
2,2021-09-04,192.92,33.6,5
3,2021-09-04,998.92,32.7,5
4,2021-09-04,677.62,15.5,5
5,2021-09-04,751.24,23.6,5
6,2021-09-04,701.56,11.6,5
7,2021-09-04,807.83,10.6,5
8,2021-09-04,831.76,19.5,5
9,2021-09-04,717.9,32.5,5
10,2021-09-04,166.39,27.4,5
1,2021-09-05,553.31,33.2,6
2,2021-09-05,980.59,24.1,6
3,2021-09-05,167.13,14.0,6
4,2021-09-05,109.22,22.9,6
5,2021-09-05,497.83,15.8,6
6,2021-09-05,152.3,25.0,6
7,2021-09-05,648.4,16.2,6
8,2021-09-05,193.62,11.0,6
9,2021-09-05,494.18,26.4,6
10,2021-09-05,685.47,32.8,6
1,2021-09-06,200.95,19.4,0
2,2021-09-06,138.14,16.5,0
3,2021-09-06,461.02,27.8,0
4,2021-09-06,244.72,11.7,0
5,2021-09-06,468.16,18.3,0
6,2021-09-06,883.85,20.6,0
7,2021-09-06,325.12,22.9,0
8,2021-09-06,175.8,21.6,0
9,2021-09-06,781.08,24.9,0
10,2021-09-06,981.03,27.2,0
1,2021-09-07,398.2,21.7,1
2,2021-09-07,736.43,10.4,1
3,2021-09-07,730.98,33.0,1
4,2021-09-07,189.83,26.2,1
5,2021-09-07,231.17,14.8,1
6,2021-09-07,486.99,15.5,1
7,2021-09-07,543.76,31.4,1
8,2021-09-07,672.69,16.2,1
9,2021-09-07,988.34,19.5,1
10,2021-09-07,743.75,15.1,1
1,2021-09-08,457.08,31.4,2
2,2021-09-08,774.19,22.8,2
3,2021-09-08,252.59,22.5,2
4,2021-09-08,727.3,18.0,2
5,2021-09-08,687.8,22.2,2
6,2021-09-08,354.76,32.0,2
7,2021-09-08,557.25,25.5,2
8,2021-09-08,182.33,11.4,2
9,2021-09-08,481.81,23.3,2
10,2021-09-08,733.73,20.4,2
1,2021-09-09,345.08,13.3,3
2,2021-09-09,700.98,25.4,3
3,2021-09-09,516.9,25.6,3
4,2021-09-09,165.34,11.2,3
5,2021-09-09,601.2,33.8,3
6,2021-09-09,643.7,11.0,3
7,2021-09-09,952.32,30.7,3
8,2021-09-09,702.23,23.7,3
9,2021-09-09,823.77,34.2,3
10,2021-09-09,570.24,19.5,3
1,2021-09-10,594.41,18.3,4
2,2021-09-10,503.19,22.1,4
3,2021-09-10,696.27,25.5,4
4,2021-09-10,136.48,25.6,4
5,2021-09-10,329.3,33.6,4
6,2021-09-10,805.16,14.9,4
7,2021-09-10,102.33,16.2,4
8,2021-09-10,698.57,23.2,4
9,2021-09-10,842.15,22.9,4
10,2021-09-10,356.12,15.4,4
1,2021-09-11,623.71,13.3,5
2,2021-09-11,270.97,21.3,5
3,2021-09-11,100.61,23.7,5
4,2021-09-11,338.48,25.5,5
5,2021-09-11,112.24,26.7,5
6,2021-09-11,262.72,27.8,5
7,2021-09-11,750.9,11.9,5
8,2021-09-11,904.42,10.6,5
9,2021-09-11,263.71,19.4,5
10,2021-09-11,935.34,14.3,5
1,2021-09-12,664.49,18.8,6
2,2021-09-12,311.64,22.3,6
3,2021-09-12,185.41,24.8,6
4,2021-09-12,686.9,29.8,6
5,2021-09-12,241.8,31.4,6
6,2021-09-12,819.65,20.6,6
7,2021-09-12,943.25,28.7,6
8,2021-09-12,284.73,26.4,6
9,2021-09-12,857.08,18.2,6
10,2021-09-12,206.46,22.7,6
1,2021-09-13,143.85,31.1,0
2,2021-09-13,557.06,15.5,0
3,2021-09-13,782.15,13.1,0
4,2021-09-13,908.46,21.1,0
5,2021-09-13,820.82,11.1,0
6,2021-09-13,617.84,10.8,0
7,2021-09-13,206.29,16.9,0
8,2021-09-13,320.95,16.2,0
9,2021-09-13,106.21,30.9,0
10,2021-09-13,473.63,30.6,0
1,2021-09-14,450.2,14.0,1
2,2021-09-14,639.88,24.3,1
3,2021-09-14,793.18,20.6,1
4,2021-09-14,331.8,12.3,1
5,2021-09-14,974.38,18.3,1
6,2021-09-14,670.8,30.5,1
7,2021-09-14,735.02,34.4,1
8,2021-09-14,307.96,21.2,1
9,2021-09-14,922.22,32.0,1
10,2021-09-14,467.3,23.9,1
1,2021-09-15,170.92,32.3,2
2,2021-09-15,516.47,20.1,2
3,2021-09-15,496.86,11.6,2
4,2021-09-15,513.53,16.6,2
5,2021-09-15,583.5,11.0,2
6,2021-09-15,204.53,12.3,2
7,2021-09-15,162.57,24.4,2
8,2021-09-15,191.67,29.7,2
9,2021-09-15,219.77,13.4,2
10,2021-09-15,423.06,20.9,2
1,2021-09-16,405.21,22.9,3
2,2021-09-16,604.17,11.5,3
3,2021-09-16,902.96,23.5,3
4,2021-09-16,210.3,13.3,3
5,2021-09-16,420.07,33.4,3
6,2021-09-16,616.38,31.6,3
7,2021-09-16,583.38,19.2,3
8,2021-09-16,173.64,34.3,3
9,2021-09-16,762.99,22.9,3
10,2021-09-16,432.34,29.1,3
1,2021-09-17,383.95,22.7,4
2,2021-09-17,975.35,19.5,4
3,2021-09-17,462.61,14.4,4
4,2021-09-17,474.74,14.1,4
5,2021-09-17,161.0,17.3,4
6,2021-09-17,239.13,26.6,4
7,2021-09-17,661.4,33.0,4
8,2021-09-17,826.02,26.5,4
9,2021-09-17,742.21,13.9,4
10,2021-09-17,639.47,15.3,4
1,2021-09-18,326.15,19.9,5
2,2021-09-18,168.32,18.0,5
3,2021-09-18,285.81,13.6,5
4,2021-09-18,399.81,31.2,5
5,2021-09-18,872.4,20.9,5
6,2021-09-18,345.47,31.3,5
7,2021-09-18,253.25,35.0,5
8,2021-09-18,843.15,21.4,5
9,2021-09-18,680.55,27.2,5
10,2021-09-18,755.65,31.6,5
1,2021-09-19,651.79,14.2,6
2,2021-09-19,817.32,31.8,6
3,2021-09-19,568.77,17.9,6
4,2021-09-19,303.99,15.1,6
5,2021-09-19,804.27,15.8,6
6,2021-09-19,239.03,11.6,6
7,2021-09-19,528.37,20.7,6
8,2021-09-19,404.78,24.6,6
9,2021-09-19,676.8,18.8,6
10,2021-09-19,684.69,14.2,6
1,2021-09-20,191.04,34.9,0
2,2021-09-20,737.58,23.7,0
3,2021-09-20,837.39,10.5,0
4,2021-09-20,725.79,20.8,0
5,2021-09-20,663.67,21.1,0
6,2021-09-20,852.39,22.1,0
7,2021-09-20,434.1,30.1,0
8,2021-09-20,648.3,10.4,0
9,2021-09-20,888.36,13.3,0
10,2021-09-20,410.15,10.9,0
1,2021-09-21,465.43,33.3,1
2,2021-09-21,367.81,12.9,1
3,2021-09-21,493.34,18.9,1
4,2021-09-21,751.99,28.2,1
5,2021-09-21,115.3,34.4,1
6,2021-09-21,334.17,11.2,1
7,2021-09-21,505.55,21.9,1
8,2021-09-21,373.66,30.3,1
9,2021-09-21,827.39,14.7,1
10,2021-09-21,150.18,33.1,1
1,2021-09-22,266.42,19.0,2
2,2021-09-22,797.06,14.4,2
3,2021-09-22,786.37,13.6,2
4,2021-09-22,929.64,34.7,2
5,2021-09-22,534.12,19.3,2
6,2021-09-22,576.53,16.8,2
7,2021-09-22,785.83,12.6,2
8,2021-09-22,438.12,18.4,2
9,2021-09-22,154.23,19.0,2
10,2021-09-22,543.45,24.7,2
1,2021-09-23,388.13,23.7,3
2,2021-09-23,788.34,20.6,3
3,2021-09-23,861.19,27.1,3
4,2021-09-23,982.43,26.6,3
5,2021-09-23,750.54,26.0,3
6,2021-09-23,426.2,16.0,3
7,2021-09-23,723.15,10.4,3
8,2021-09-23,826.17,33.3,3
9,2021-09-23,395.8,25.0,3
10,2021-09-23,965.18,10.8,3
1,2021-09-24,995.11,10.4,4
2,2021-09-24,246.54,31.8,4
3,2021-09-24,311.81,20.2,4
4,2021-09-24,252.97,34.0,4
5,2021-09-24,590.07,17.4,4
6,2021-09-24,504.87,10.1,4
7,2021-09-24,435.54,18.0,4
8,2021-09-24,812.64,34.0,4
9,2021-09-24,644.4,24.4,4
10,2021-09-24,466.29,27.2,4
1,2021-09-25,514.68,27.1,5
2,2021-09-25,859.96,13.4,5
3,2021-09-25,535.27,22.2,5
4,2021-09-25,849.48,11.1,5
5,2021-09-25,851.16,19.4,5
6,2021-09-25,522.36,11.1,5
7,2021-09-25,195.49,13.1,5
8,2021-09-25,732.1,23.1,5
9,2021-09-25,374.29,12.6,5
10,2021-09-25,718.43,33.3,5
1,2021-09-26,279.31,13.0,6
2,2021-09-26,882.65,23.0,6
3,2021-09-26,701.83,28.7,6
4,2021-09-26,692.23,15.5,6
5,2021-09-26,722.87,18.8,6
6,2021-09-26,790.16,19.9,6
7,2021-09-26,175.64,27.3,6
8,2021-09-26,601.83,33.3,6
9,2021-09-26,639.61,10.5,6
10,2021-09-26,631.33,25.2,6
1,2021-09-27,415.87,14.9,0
2,2021-09-27,207.16,14.9,0
3,2021-09-27,813.08,10.1,0
4,2021-09-27,137.31,31.8,0
5,2021-09-27,545.45,26.8,0
6,2021-09-27,248.3,21.8,0
7,2021-09-27,399.76,31.0,0
8,2021-09-27,131.24,18.2,0
9,2021-09-27,909.12,34.3,0
10,2021-09-27,254.37,11.3,0
1,2021-09-28,456.35,28.2,1
2,2021-09-28,403.33,13.4,1
3,2021-09-28,306.49,22.4,1
4,2021-09-28,537.96,34.8,1
5,2021-09-28,543.08,16.1,1
6,2021-09-28,279.92,34.3,1
7,2021-09-28,949.74,11.2,1
8,2021-09-28,538.85,31.3,1
9,2021-09-28,214.39,10.5,1
10,2021-09-28,723.55,11.8,1
1,2021-09-29,906.35,18.7,2
2,2021-09-29,581.32,25.7,2
3,2021-09-29,803.38,18.9,2
4,2021-09-29,323.79,18.6,2
5,2021-09-29,440.64,27.6,2
6,2021-09-29,325.51,34.4,2
7,2021-09-29,369.76,15.7,2
8,2021-09-29,568.33,19.5,2
9,2021-09-29,872.34,33.7,2
10,2021-09-29,873.44,11.4,2
1,2021-09-30,196.54,18.7,3
2,2021-09-30,566.66,31.4,3
3,2021-09-30,577.13,22.6,3
4,2021-09-30,610.95,20.7,3
5,2021-09-30,344.0,19.3,3
6,2021-09-30,214.93,25.4,3
7,2021-09-30,826.24,14.2,3
8,2021-09-30,270.65,29.9,3
9,2021-09-30,788.41,31.8,3
10,2021-09-30,495.36,25.6,3
1,2021-10-01,724.3,11.7,4
2,2021-10-01,775.07,29.4,4
3,2021-10-01,235.12,30.6,4
4,2021-10-01,156.82,32.8,4
5,2021-10-01,451.1,19.9,4
6,2021-10-01,931.97,18.6,4
7,2021-10-01,379.32,15.4,4
8,2021-10-01,179.13,20.8,4
9,2021-10-01,361.11,17.9,4
10,2021-10-01,494.02,12.2,4
1,2021-10-02,275.44,33.5,5
2,2021-10-02,523.57,23.1,5
3,2021-10-02,655.59,28.7,5
4,2021-10-02,517.5,11.8,5
5,2021-10-02,994.67,34.0,5
6,2021-10-02,914.65,10.8,5
7,2021-10-02,386.68,32.6,5
8,2021-10-02,869.49,21.7,5
9,2021-10-02,370.35,11.5,5
10,2021-10-02,783.83,18.7,5
1,2021-10-03,777.32,23.7,6
2,2021-10-03,849.97,14.5,6
3,2021-10-03,690.16,25.1,6
4,2021-10-03,180.15,30.5,6
5,2021-10-03,912.45,24.2,6
6,2021-10-03,761.63,34.1,6
7,2021-10-03,989.81,16.0,6
8,2021-10-03,622.13,30.1,6
9,2021-10-03,369.15,24.2,6
10,2021-10-03,939.26,22.2,6
1,2021-10-04,327.88,23.4,0
2,2021-10-04,252.56,11.3,0
3,2021-10-04,539.34,34.7,0
4,2021-10-04,372.68,19.3,0
5,2021-10-04,696.63,14.1,0
6,2021-10-04,598.63,13.5,0
7,2021-10-04,601.5,14.3,0
8,2021-10-04,636.43,16.7,0
9,2021-10-04,910.12,31.0,0
10,2021-10-04,554.33,13.9,0
1,2021-10-05,879.98,12.1,1
2,2021-10-05,540.96,27.3,1
3,2021-10-05,582.8,20.4,1
4,2021-10-05,249.57,21.7,1
5,2021-10-05,639.52,28.1,1
6,2021-10-05,942.92,13.3,1
7,2021-10-05,264.04,34.6,1
8,2021-10-05,466.91,25.9,1
9,2021-10-05,147.32,19.5,1
10,2021-10-05,713.05,24.1,1
1,2021-10-06,201.06,30.6,2
2,2021-10-06,944.04,14.7,2
3,2021-10-06,433.8,29.3,2
4,2021-10-06,216.42,24.1,2
5,2021-10-06,916.4,18.6,2
6,2021-10-06,929.88,22.5,2
7,2021-10-06,432.08,27.8,2
8,2021-10-06,599.66,32.7,2
9,2021-10-06,275.53,30.8,2
10,2021-10-06,519.18,19.8,2
1,2021-10-07,730.1,24.5,3
2,2021-10-07,940.21,13.4,3
3,2021-10-07,177.83,32.9,3
4,2021-10-07,967.75,27.2,3
5,2021-10-07,662.12,30.5,3
6,2021-10-07,607.39,33.0,3
7,2021-10-07,748.86,13.2,3
8,2021-10-07,600.49,19.0,3
9,2021-10-07,458.87,18.8,3
10,2021-10-07,782.16,18.2,3
1,2021-10-08,485.98,28.4,4
2,2021-10-08,353.32,21.5,4
3,2021-10-08,720.67,11.7,4
4,2021-10-08,611.72,34.4,4
5,2021-10-08,321.41,27.4,4
6,2021-10-08,717.49,31.3,4
7,2021-10-08,232.2,15.8,4
8,2021-10-08,767.24,34.0,4
9,2021-10-08,778.98,33.7,4
10,2021-10-08,540.39,19.1,4
1,2021-10-09,947.16,26.7,5
2,2021-10-09,347.02,26.4,5
3,2021-10-09,935.14,31.8,5
4,2021-10-09,119.41,11.6,5
5,2021-10-09,370.5,33.8,5
6,2021-10-09,712.26,13.6,5
7,2021-10-09,818.51,24.7,5
8,2021-10-09,292.36,31.1,5
9,2021-10-09,779.6,24.1,5
10,2021-10-09,887.51,17.7,5
1,2021-10-10,559.64,20.1,6
2,2021-10-10,318.02,11.7,6
3,2021-10-10,901.62,25.5,6
4,2021-10-10,398.22,19.8,6
5,2021-10-10,538.41,18.5,6
6,2021-10-10,203.13,27.6,6
7,2021-10-10,360.89,33.7,6
8,2021-10-10,412.62,10.8,6
9,2021-10-10,290.15,15.1,6
10,2021-10-10,713.48,19.6,6
1,2021-10-11,312.21,26.6,0
2,2021-10-11,449.77,27.2,0
3,2021-10-11,409.21,31.3,0
4,2021-10-11,523.59,30.2,0
5,2021-10-11,720.14,33.7,0
6,2021-10-11,385.54,34.1,0
7,2021-10-11,441.23,17.1,0
8,2021-10-11,497.46,30.7,0
9,2021-10-11,158.95,21.7,0
10,2021-10-11,854.34,26.6,0
1,2021-10-12,451.74,29.1,1
2,2021-10-12,529.23,17.1,1
3,2021-10-12,877.1,14.7,1
4,2021-10-12,818.03,31.6,1
5,2021-10-12,200.71,22.0,1
6,2021-10-12,665.45,25.7,1
7,2021-10-12,130.86,12.2,1
8,2021-10-12,934.89,12.0,1
9,2021-10-12,462.55,11.7,1
10,2021-10-12,606.74,23.5,1
1,2021-10-13,812.63,21.1,2
2,2021-10-13,820.9,26.5,2
3,2021-10-13,439.97,16.8,2
4,2021-10-13,901.1,29.8,2
5,2021-10-13,626.92,16.9,2
6,2021-10-13,635.93,27.1,2
7,2021-10-13,274.77,15.1,2
8,2021-10-13,639.76,20.6,2
9,2021-10-13,902.98,33.5,2
10,2021-10-13,512.12,16.0,2
1,2021-10-14,850.86,16.3,3
2,2021-10-14,516.22,20.2,3
3,2021-10-14,596.62,13.4,3
4,2021-10-14,525.23,15.8,3
5,2021-10-14,664.09,27.1,3
6,2021-10-14,704.39,28.1,3
7,2021-10-14,582.74,12.7,3
8,2021-10-14,277.23,23.0,3
9,2021-10-14,542.09,27.2,3
10,2021-10-14,528.04,34.5,3
1,2021-10-15,194.71,18.1,4
2,2021-10-15,642.23,32.3,4
3,2021-10-15,537.2,27.1,4
4,2021-10-15,527.45,11.5,4
5,2021-10-15,798.16,26.2,4
6,2021-10-15,409.3,28.2,4
7,2021-10-15,918.58,23.8,4
8,2021-10-15,984.23,20.6,4
9,2021-10-15,892.66,24.5,4
10,2021-10-15,519.35,18.7,4
1,2021-10-16,508.68,17.0,5
2,2021-10-16,474.19,26.6,5
3,2021-10-16,966.11,25.6,5
4,2021-10-16,141.98,13.0,5
5,2021-10-16,476.34,20.1,5
6,2021-10-16,600.14,24.5,5
7,2021-10-16,789.84,28.1,5
8,2021-10-16,804.46,31.2,5
9,2021-10-16,790.59,28.0,5
10,2021-10-16,927.18,22.1,5
1,2021-10-17,996.1,34.8,6
2,2021-10-17,716.88,15.2,6
3,2021-10-17,455.63,19.3,6
4,2021-10-17,871.78,15.7,6
5,2021-10-17,420.34,14.1,6
6,2021-10-17,724.0,32.1,6
7,2021-10-17,761.78,32.9,6
8,2021-10-17,738.83,17.2,6
9,2021-10-17,351.68,19.9,6
10,2021-10-17,966.51,23.3,6
1,2021-10-18,495.11,27.3,0
2,2021-10-18,789.98,22.1,0
3,2021-10-18,149.42,30.4,0
4,2021-10-18,114.9,10.5,0
5,2021-10-18,857.34,20.2,0
6,2021-10-18,374.89,18.2,0
7,2021-10-18,688.25,24.5,0
8,2021-10-18,453.91,28.0,0
9,2021-10-18,323.16,33.7,0
10,2021-10-18,994.41,31.5,0
1,2021-10-19,516.98,31.0,1
2,2021-10-19,119.71,10.9,1
3,2021-10-19,779.68,19.2,1
4,2021-10-19,197.51,16.1,1
5,2021-10-19,102.67,29.0,1
6,2021-10-19,861.55,10.6,1
7,2021-10-19,339.28,22.0,1
8,2021-10-19,961.16,34.6,1
9,2021-10-19,980.87,18.6,1
10,2021-10-19,110.28,12.3,1
1,2021-10-20,720.15,17.9,2
2,2021-10-20,346.35,10.1,2
3,2021-10-20,919.67,28.5,2
4,2021-10-20,359.93,16.7,2
5,2021-10-20,426.03,30.8,2
6,2021-10-20,204.56,26.6,2
7,2021-10-20,486.85,20.2,2
8,2021-10-20,297.71,13.7,2
9,2021-10-20,416.78,21.6,2
10,2021-10-20,927.26,31.3,2
1,2021-10-21,817.47,29.2,3
2,2021-10-21,265.22,24.3,3
3,2021-10-21,591.35,17.8,3
4,2021-10-21,887.63,16.8,3
5,2021-10-21,218.05,10.9,3
6,2021-10-21,749.17,26.0,3
7,2021-10-21,198.55,32.9,3
8,2021-10-21,892.71,33.1,3
9,2021-10-21,903.68,24.7,3
10,2021-10-21,108.07,12.5,3
1,2021-10-22,457.4,13.9,4
2,2021-10-22,475.07,24.3,4
3,2021-10-22,325.1,25.9,4
4,2021-10-22,305.61,26.1,4
5,2021-10-22,208.12,23.6,4
6,2021-10-22,186.32,31.9,4
7,2021-10-22,606.91,25.4,4
8,2021-10-22,986.85,23.0,4
9,2021-10-22,521.05,17.2,4
10,2021-10-22,643.28,18.5,4
1,2021-10-23,644.34,24.4,5
2,2021-10-23,859.86,28.4,5
3,2021-10-23,629.65,24.0,5
4,2021-10-23,634.59,26.6,5
5,2021-10-23,478.14,12.5,5
6,2021-10-23,803.93,34.0,5
7,2021-10-23,511.43,19.0,5
8,2021-10-23,491.15,14.3,5
9,2021-10-23,974.42,28.8,5
10,2021-10-23,523.46,23.4,5
1,2021-10-24,787.58,17.0,6
2,2021-10-24,319.56,20.2,6
3,2021-10-24,761.19,33.5,6
4,2021-10-24,259.94,10.0,6
5,2021-10-24,546.84,32.2,6
6,2021-10-24,195.46,18.6,6
7,2021-10-24,177.34,27.8,6
8,2021-10-24,831.65,10.5,6
9,2021-10-24,538.76,13.7,6
10,2021-10-24,345.48,20.5,6
1,2021-10-25,944.38,25.4,0
2,2021-10-25,562.27,12.3,0
3,2021-10-25,954.81,10.6,0
4,2021-10-25,768.27,16.7,0
5,2021-10-25,521.48,16.4,0
6,2021-10-25,955.77,24.1,0
7,2021-10-25,622.72,28.1,0
8,2021-10-25,741.28,29.6,0
9,2021-10-25,589.82,14.0,0
10,2021-10-25,191.39,28.9,0
1,2021-10-26,749.91,28.5,1
2,2021-10-26,872.87,22.5,1
3,2021-10-26,155.79,16.3,1
4,2021-10-26,475.07,10.2,1
5,2021-10-26,216.97,32.6,1
6,2021-10-26,256.32,11.1,1
7,2021-10-26,352.66,33.2,1
8,2021-10-26,609.17,29.5,1
9,2021-10-26,823.8,29.0,1
10,2021-10-26,526.91,16.4,1
1,2021-10-27,690.97,11.5,2
2,2021-10-27,816.3,21.8,2
3,2021-10-27,495.31,21.1,2
4,2021-10-27,899.83,13.7,2
5,2021-10-27,805.19,13.7,2
6,2021-10-27,172.82,26.6,2
7,2021-10-27,990.63,14.6,2
8,2021-10-27,463.99,23.7,2
9,2021-10-27,155.0,11.2,2
10,2021-10-27,490.4,28.5,2
1,2021-10-28,182.85,27.5,3
2,2021-10-28,549.5,33.4,3
3,2021-10-28,367.96,19.1,3
4,2021-10-28,125.92,31.0,3
5,2021-10-28,974.36,27.0,3
6,2021-10-28,672.67,30.1,3
7,2021-10-28,849.88,32.5,3
8,2021-10-28,924.35,28.3,3
9,2021-10-28,410.82,23.0,3
10,2021-10-28,169.14,29.7,3
1,2021-10-29,697.55,20.1,4
2,2021-10-29,790.44,12.5,4
3,2021-10-29,301.99,27.7,4
4,2021-10-29,887.52,17.5,4
5,2021-10-29,637.97,26.0,4
6,2021-10-29,124.41,28.9,4
7,2021-10-29,706.47,28.3,4
8,2021-10-29,824.27,28.5,4
9,2021-10-29,171.52,14.7,4
10,2021-10-29,140.67,17.9,4
1,2021-10-30,220.03,16.8,5
2,2021-10-30,712.28,29.0,5
3,2021-10-30,216.38,30.5,5
4,2021-10-30,545.88,11.5,5
5,2021-10-30,502.17,27.5,5
6,2021-10-30,541.67,25.3,5
7,2021-10-30,484.59,24.7,5
8,2021-10-30,144.88,28.4,5
9,2021-10-30,430.34,28.2,5
10,2021-10-30,615.38,22.7,5
1,2021-10-31,973.35,23.1,6
2,2021-10-31,825.26,13.6,6
3,2021-10-31,607.03,25.8,6
4,2021-10-31,425.12,13.3,6
5,2021-10-31,732.0,20.2,6
6,2021-10-31,990.54,16.0,6
7,2021-10-31,143.2,10.4,6
8,2021-10-31,219.77,17.6,6
9,2021-10-31,261.19,18.5,6
10,2021-10-31,254.87,29.4,6
1,2021-11-01,548.28,12.8,0
2,2021-11-01,980.35,26.4,0
3,2021-11-01,771.54,11.8,0
4,2021-11-01,475.6,18.1,0
5,2021-11-01,304.61,11.0,0
6,2021-11-01,727.4,27.2,0
7,2021-11-01,747.54,18.0,0
8,2021-11-01,576.19,12.4,0
9,2021-11-01,213.72,18.4,0
10,2021-11-01,328.59,17.8,0
1,2021-11-02,594.49,26.6,1
2,2021-11-02,638.3,29.7,1
3,2021-11-02,105.68,30.7,1
4,2021-11-02,955.89,22.6,1
5,2021-11-02,803.45,24.0,1
6,2021-11-02,940.08,24.5,1
7,2021-11-02,427.75,20.8,1
8,2021-11-02,527.2,10.8,1
9,2021-11-02,342.99,20.9,1
10,2021-11-02,934.9,18.3,1
1,2021-11-03,829.42,23.5,2
2,2021-11-03,424.0,30.6,2
3,2021-11-03,362.87,34.2,2
4,2021-11-03,526.37,14.2,2
5,2021-11-03,455.2,28.4,2
6,2021-11-03,314.19,34.8,2
7,2021-11-03,567.1,24.5,2
8,2021-11-03,804.01,17.5,2
9,2021-11-03,264.79,21.5,2
10,2021-11-03,753.28,29.8,2
1,2021-11-04,761.74,29.4,3
2,2021-11-04,266.51,13.1,3
3,2021-11-04,541.05,16.7,3
4,2021-11-04,854.79,29.8,3
5,2021-11-04,441.93,20.3,3
6,2021-11-04,649.26,16.8,3
7,2021-11-04,320.81,14.7,3
8,2021-11-04,710.54,10.2,3
9,2021-11-04,819.15,17.4,3
10,2021-11-04,749.9,14.5,3
1,2021-11-05,874.86,34.6,4
2,2021-11-05,510.02,22.1,4
3,2021-11-05,690.4,32.1,4
4,2021-11-05,312.61,28.7,4
5,2021-11-05,651.52,17.6,4
6,2021-11-05,538.95,17.9,4
7,2021-11-05,574.0,23.1,4
8,2021-11-05,826.56,34.1,4
9,2021-11-05,647.39,22.7,4
10,2021-11-05,641.38,20.0,4
1,2021-11-06,826.32,14.9,5
2,2021-11-06,284.91,32.7,5
3,2021-11-06,655.15,13.3,5
4,2021-11-06,321.14,24.6,5
5,2021-11-06,872.32,14.8,5
6,2021-11-06,725.98,11.2,5
7,2021-11-06,709.24,20.6,5
8,2021-11-06,175.9,27.3,5
9,2021-11-06,713.05,29.7,5
10,2021-11-06,346.05,14.9,5
1,2021-11-07,539.6,21.5,6
2,2021-11-07,907.34,34.2,6
3,2021-11-07,629.56,30.8,6
4,2021-11-07,486.02,31.9,6
5,2021-11-07,920.62,25.0,6
6,2021-11-07,750.1,28.7,6
7,2021-11-07,701.53,26.9,6
8,2021-11-07,454.08,21.7,6
9,2021-11-07,295.81,11.2,6
10,2021-11-07,374.1,17.8,6
1,2021-11-08,962.72,26.6,0
2,2021-11-08,165.47,18.8,0
3,2021-11-08,616.89,29.5,0
4,2021-11-08,680.53,18.9,0
5,2021-11-08,539.6,13.6,0
6,2021-11-08,988.3,14.3,0
7,2021-11-08,564.67,15.8,0
8,2021-11-08,191.97,11.9,0
9,2021-11-08,913.24,15.7,0
10,2021-11-08,837.43,14.5,0
1,2021-11-09,293.26,17.4,1
2,2021-11-09,844.01,27.3,1
3,2021-11-09,282.08,13.1,1
4,2021-11-09,419.38,17.5,1
5,2021-11-09,676.57,14.9,1
6,2021-11-09,177.48,32.0,1
7,2021-11-09,689.32,22.1,1
8,2021-11-09,161.12,34.1,1
9,2021-11-09,719.58,27.6,1
10,2021-11-09,939.75,30.3,1
1,2021-11-10,957.47,17.0,2
2,2021-11-10,163.53,29.1,2
3,2021-11-10,702.9,23.6,2
4,2021-11-10,186.54,15.5,2
5,2021-11-10,604.24,27.9,2
6,2021-11-10,858.12,17.0,2
7,2021-11-10,607.54,22.6,2
8,2021-11-10,886.9,14.6,2
9,2021-11-10,839.91,17.5,2
10,2021-11-10,515.39,16.5,2
1,2021-11-11,873.12,22.5,3
2,2021-11-11,300.1,29.5,3
3,2021-11-11,835.47,23.5,3
4,2021-11-11,648.49,11.4,3
5,2021-11-11,231.31,34.2,3
6,2021-11-11,503.28,27.9,3
7,2021-11-11,223.83,11.6,3
8,2021-11-11,711.02,18.2,3
9,2021-11-11,311.85,23.0,3
10,2021-11-11,838.11,31.2,3
1,2021-11-12,926.34,28.9,4
2,2021-11-12,967.44,25.8,4
3,2021-11-12,236.46,33.3,4
4,2021-11-12,377.31,30.9,4
5,2021-11-12,932.56,22.4,4
6,2021-11-12,970.97,30.8,4
7,2021-11-12,298.96,15.9,4
8,2021-11-12,949.08,31.3,4
9,2021-11-12,550.63,13.1,4
10,2021-11-12,877.24,13.5,4
1,2021-11-13,364.99,18.8,5
2,2021-11-13,591.8,29.4,5
3,2021-11-13,401.08,26.7,5
4,2021-11-13,482.57,11.0,5
5,2021-11-13,527.85,17.2,5
6,2021-11-13,233.64,30.9,5
7,2021-11-13,683.92,28.6,5
8,2021-11-13,339.41,25.9,5
9,2021-11-13,447.02,28.4,5
10,2021-11-13,998.51,17.2,5
1,2021-11-14,565.4,19.5,6
2,2021-11-14,912.57,35.0,6
3,2021-11-14,885.5,17.3,6
4,2021-11-14,645.19,32.0,6
5,2021-11-14,636.05,23.8,6
6,2021-11-14,982.03,17.3,6
7,2021-11-14,657.6,31.7,6
8,2021-11-14,288.12,32.3,6
9,2021-11-14,139.67,24.5,6
10,2021-11-14,468.9,32.9,6
1,2021-11-15,413.94,32.6,0
2,2021-11-15,292.9,11.3,0
3,2021-11-15,738.09,22.4,0
4,2021-11-15,301.36,25.2,0
5,2021-11-15,328.04,25.3,0
6,2021-11-15,447.81,32.9,0
7,2021-11-15,861.4,13.4,0
8,2021-11-15,915.47,28.3,0
9,2021-11-15,821.46,24.4,0
10,2021-11-15,803.5,18.5,0
1,2021-11-16,193.06,28.4,1
2,2021-11-16,789.12,22.2,1
3,2021-11-16,971.67,18.7,1
4,2021-11-16,120.15,34.0,1
5,2021-11-16,211.71,14.6,1
6,2021-11-16,524.51,28.5,1
7,2021-11-16,472.0,11.3,1
8,2021-11-16,921.71,22.9,1
9,2021-11-16,809.32,23.4,1
10,2021-11-16,721.06,17.6,1
1,2021-11-17,629.16,28.8,2
2,2021-11-17,639.55,27.0,2
3,2021-11-17,943.27,21.3,2
4,2021-11-17,826.04,21.5,2
5,2021-11-17,377.8,25.0,2
6,2021-11-17,281.49,14.5,2
7,2021-11-17,761.66,12.5,2
8,2021-11-17,214.04,19.9,2
9,2021-11-17,894.2,25.9,2
10,2021-11-17,647.57,10.4,2
1,2021-11-18,355.92,27.2,3
2,2021-11-18,983.15,30.3,3
3,2021-11-18,597.16,34.5,3
4,2021-11-18,268.02,21.4,3
5,2021-11-18,208.44,23.2,3
6,2021-11-18,785.23,12.8,3
7,2021-11-18,249.19,23.9,3
8,2021-11-18,704.18,20.0,3
9,2021-11-18,841.65,18.8,3
10,2021-11-18,987.11,29.7,3
1,2021-11-19,619.82,12.1,4
2,2021-11-19,302.17,18.6,4
3,2021-11-19,209.04,16.0,4
4,2021-11-19,358.95,11.6,4
5,2021-11-19,487.86,16.1,4
6,2021-11-19,557.89,30.5,4
7,2021-11-19,302.33,10.0,4
8,2021-11-19,907.73,12.4,4
9,2021-11-19,229.61,17.4,4
10,2021-11-19,787.9,23.2,4
1,2021-11-20,577.89,18.1,5
2,2021-11-20,975.47,24.3,5
3,2021-11-20,578.11,33.4,5
4,2021-11-20,855.14,26.5,5
5,2021-11-20,779.0,28.9,5
6,2021-11-20,185.21,33.3,5
7,2021-11-20,797.42,34.0,5
8,2021-11-20,721.39,27.4,5
9,2021-11-20,299.2,10.0,5
10,2021-11-20,892.25,34.8,5
1,2021-11-21,858.96,30.1,6
2,2021-11-21,333.77,33.8,6
3,2021-11-21,114.19,13.7,6
4,2021-11-21,753.09,26.5,6
5,2021-11-21,203.11,23.8,6
6,2021-11-21,105.66,13.3,6
7,2021-11-21,753.66,17.0,6
8,2021-11-21,608.59,28.0,6
9,2021-11-21,670.12,33.4,6
10,2021-11-21,620.15,19.8,6
1,2021-11-22,348.5,16.1,0
2,2021-11-22,684.54,24.8,0
3,2021-11-22,644.74,32.1,0
4,2021-11-22,727.72,10.5,0
5,2021-11-22,163.52,24.6,0
6,2021-11-22,862.74,32.7,0
7,2021-11-22,701.4,29.3,0
8,2021-11-22,873.85,34.6,0
9,2021-11-22,725.45,33.0,0
10,2021-11-22,366.7,16.7,0
1,2021-11-23,907.0,19.1,1
2,2021-11-23,764.09,14.1,1
3,2021-11-23,954.77,15.9,1
4,2021-11-23,851.11,24.7,1
5,2021-11-23,992.73,11.5,1
6,2021-11-23,685.37,24.9,1
7,2021-11-23,592.02,34.2,1
8,2021-11-23,466.86,15.9,1
9,2021-11-23,540.82,33.4,1
10,2021-11-23,417.71,15.5,1
1,2021-11-24,985.69,19.6,2
2,2021-11-24,604.8,31.8,2
3,2021-11-24,265.22,33.0,2
4,2021-11-24,663.89,17.9,2
5,2021-11-24,315.71,18.0,2
6,2021-11-24,328.81,28.7,2
7,2021-11-24,554.2,24.2,2
8,2021-11-24,520.68,10.9,2
9,2021-11-24,778.09,33.7,2
10,2021-11-24,949.4,14.9,2
1,2021-11-25,209.68,28.8,3
2,2021-11-25,310.03,20.3,3
3,2021-11-25,181.95,17.5,3
4,2021-11-25,406.29,24.7,3
5,2021-11-25,142.96,12.4,3
6,2021-11-25,482.49,10.9,3
7,2021-11-25,433.65,14.9,3
8,2021-11-25,551.07,25.4,3
9,2021-11-25,685.29,33.8,3
10,2021-11-25,779.88,33.4,3
1,2021-11-26,665.12,23.9,4
2,2021-11-26,331.7,15.5,4
3,2021-11-26,924.87,13.4,4
4,2021-11-26,279.62,20.6,4
5,2021-11-26,808.27,26.4,4
6,2021-11-26,636.54,24.6,4
7,2021-11-26,968.3,10.9,4
8,2021-11-26,850.96,20.3,4
9,2021-11-26,946.6,13.9,4
10,2021-11-26,939.77,12.4,4
1,2021-11-27,491.26,11.1,5
2,2021-11-27,718.98,20.4,5
3,2021-11-27,786.31,28.9,5
4,2021-11-27,252.16,30.2,5
5,2021-11-27,933.25,20.5,5
6,2021-11-27,544.73,18.1,5
7,2021-11-27,336.53,16.8,5
8,2021-11-27,397.0,22.3,5
9,2021-11-27,966.09,10.8,5
10,2021-11-27,145.3,32.4,5
1,2021-11-28,232.3,17.6,6
2,2021-11-28,816.14,33.6,6
3,2021-11-28,215.82,18.3,6
4,2021-11-28,340.08,33.5,6
5,2021-11-28,162.48,17.1,6
6,2021-11-28,723.5,25.5,6
7,2021-11-28,871.18,24.8,6
8,2021-11-28,312.74,19.6,6
9,2021-11-28,375.0,24.2,6
10,2021-11-28,816.72,24.1,6
1,2021-11-29,572.08,25.2,0
2,2021-11-29,577.42,13.7,0
3,2021-11-29,995.48,15.8,0
4,2021-11-29,113.96,13.2,0
5,2021-11-29,454.01,13.9,0
6,2021-11-29,961.49,33.3,0
7,2021-11-29,894.56,30.9,0
8,2021-11-29,836.47,33.3,0
9,2021-11-29,545.76,26.3,0
10,2021-11-29,872.15,15.2,0
1,2021-11-30,203.19,15.2,1
2,2021-11-30,331.74,17.5,1
3,2021-11-30,222.7,25.7,1
4,2021-11-30,185.01,32.5,1
5,2021-11-30,245.81,20.7,1
6,2021-11-30,148.28,13.5,1
7,2021-11-30,745.1,14.9,1
8,2021-11-30,182.27,30.0,1
9,2021-11-30,597.46,11.4,1
10,2021-11-30,822.19,21.4,1
1,2021-12-01,547.08,30.6,2
2,2021-12-01,884.45,23.8,2
3,2021-12-01,825.4,23.4,2
4,2021-12-01,728.86,30.2,2
5,2021-12-01,266.95,15.9,2
6,2021-12-01,141.41,33.5,2
7,2021-12-01,149.24,17.0,2
8,2021-12-01,780.17,23.1,2
9,2021-12-01,818.74,21.0,2
10,2021-12-01,816.18,12.9,2
1,2021-12-02,830.66,14.3,3
2,2021-12-02,413.35,20.3,3
3,2021-12-02,892.18,19.8,3
4,2021-12-02,564.01,22.4,3
5,2021-12-02,855.21,16.0,3
6,2021-12-02,496.31,14.9,3
7,2021-12-02,217.18,16.8,3
8,2021-12-02,128.61,14.6,3
9,2021-12-02,225.4,25.8,3
10,2021-12-02,927.54,23.9,3
1,2021-12-03,543.62,22.3,4
2,2021-12-03,437.16,29.1,4
3,2021-12-03,801.04,22.4,4
4,2021-12-03,854.23,16.5,4
5,2021-12-03,924.24,11.4,4
6,2021-12-03,577.81,18.6,4
7,2021-12-03,303.19,28.4,4
8,2021-12-03,543.04,33.9,4
9,2021-12-03,167.95,30.8,4
10,2021-12-03,911.55,32.1,4
1,2021-12-04,163.36,23.6,5
2,2021-12-04,486.94,19.3,5
3,2021-12-04,395.36,21.9,5
4,2021-12-04,462.74,25.6,5
5,2021-12-04,628.81,28.0,5
6,2021-12-04,148.72,21.7,5
7,2021-12-04,527.07,17.3,5
8,2021-12-04,338.79,19.5,5
9,2021-12-04,457.58,10.2,5
10,2021-12-04,570.3,12.0,5
1,2021-12-05,391.02,17.2,6
2,2021-12-05,877.93,33.1,6
3,2021-12-05,895.58,16.3,6
4,2021-12-05,269.43,33.9,6
5,2021-12-05,563.02,13.9,6
6,2021-12-05,777.24,29.7,6
7,2021-12-05,274.98,12.5,6
8,2021-12-05,807.86,16.0,6
9,2021-12-05,155.37,31.9,6
10,2021-12-05,420.44,16.0,6
1,2021-12-06,637.36,23.4,0
2,2021-12-06,925.44,21.6,0
3,2021-12-06,891.34,34.1,0
4,2021-12-06,684.47,23.3,0
5,2021-12-06,343.59,22.7,0
6,2021-12-06,399.59,18.3,0
7,2021-12-06,254.99,21.4,0
8,2021-12-06,907.68,26.1,0
9,2021-12-06,770.32,19.6,0
10,2021-12-06,295.78,11.5,0
1,2021-12-07,756.73,21.1,1
2,2021-12-07,201.69,14.4,1
3,2021-12-07,297.81,33.7,1
4,2021-12-07,817.27,24.4,1
5,2021-12-07,727.86,12.8,1
6,2021-12-07,888.94,30.4,1
7,2021-12-07,697.03,15.0,1
8,2021-12-07,993.98,17.3,1
9,2021-12-07,245.23,23.7,1
10,2021-12-07,275.51,19.8,1
1,2021-12-08,405.55,16.8,2
2,2021-12-08,111.98,33.8,2
3,2021-12-08,102.54,23.3,2
4,2021-12-08,337.59,27.8,2
5,2021-12-08,316.06,13.7,2
6,2021-12-08,483.42,24.1,2
7,2021-12-08,424.15,20.5,2
8,2021-12-08,485.75,32.6,2
9,2021-12-08,469.97,34.3,2
10,2021-12-08,841.57,19.3,2
1,2021-12-09,145.8,25.9,3
2,2021-12-09,412.86,31.0,3
3,2021-12-09,682.54,17.7,3
4,2021-12-09,446.28,25.2,3
5,2021-12-09,405.27,32.3,3
6,2021-12-09,863.37,24.6,3
7,2021-12-09,844.14,13.8,3
8,2021-12-09,864.33,16.7,3
9,2021-12-09,451.84,22.2,3
10,2021-12-09,843.39,35.0,3
1,2021-12-10,749.25,24.5,4
2,2021-12-10,439.28,15.7,4
3,2021-12-10,493.93,32.1,4
4,2021-12-10,289.72,23.0,4
5,2021-12-10,702.17,26.4,4
6,2021-12-10,566.54,11.3,4
7,2021-12-10,600.45,10.5,4
8,2021-12-10,883.63,29.3,4
9,2021-12-10,878.99,21.3,4
10,2021-12-10,368.37,21.6,4
1,2021-12-11,935.71,15.9,5
2,2021-12-11,891.69,18.0,5
3,2021-12-11,485.67,21.2,5
4,2021-12-11,552.08,23.4,5
5,2021-12-11,480.02,20.5,5
6,2021-12-11,858.32,23.2,5
7,2021-12-11,709.93,17.9,5
8,2021-12-11,295.23,18.7,5
9,2021-12-11,205.75,31.1,5
10,2021-12-11,867.93,26.1,5
1,2021-12-12,469.57,18.5,6
2,2021-12-12,953.68,15.7,6
3,2021-12-12,120.56,32.0,6
4,2021-12-12,152.51,22.0,6
5,2021-12-12,679.72,11.0,6
6,2021-12-12,345.38,15.7,6
7,2021-12-12,462.82,27.2,6
8,2021-12-12,353.6,26.1,6
9,2021-12-12,245.46,32.5,6
10,2021-12-12,674.02,27.2,6
1,2021-12-13,585.18,33.0,0
2,2021-12-13,143.88,15.0,0
3,2021-12-13,228.22,30.6,0
4,2021-12-13,821.99,23.8,0
5,2021-12-13,462.28,14.9,0
6,2021-12-13,294.8,33.5,0
7,2021-12-13,315.48,22.7,0
8,2021-12-13,165.84,22.5,0
9,2021-12-13,936.88,22.3,0
10,2021-12-13,752.6,26.4,0
1,2021-12-14,174.05,20.0,1
2,2021-12-14,358.19,11.3,1
3,2021-12-14,215.08,26.8,1
4,2021-12-14,311.25,13.5,1
5,2021-12-14,279.16,35.0,1
6,2021-12-14,645.28,21.9,1
7,2021-12-14,240.68,19.9,1
8,2021-12-14,481.38,17.8,1
9,2021-12-14,712.95,11.6,1
10,2021-12-14,344.19,15.9,1
1,2021-12-15,894.59,15.8,2
2,2021-12-15,135.17,28.0,2
3,2021-12-15,452.04,17.0,2
4,2021-12-15,598.35,26.5,2
5,2021-12-15,602.05,10.8,2
6,2021-12-15,536.38,22.5,2
7,2021-12-15,253.72,33.0,2
8,2021-12-15,868.83,14.3,2
9,2021-12-15,769.08,16.3,2
10,2021-12-15,770.02,18.7,2
1,2021-12-16,296.35,14.6,3
2,2021-12-16,110.17,23.0,3
3,2021-12-16,508.13,15.5,3
4,2021-12-16,717.14,33.6,3
5,2021-12-16,404.66,22.4,3
6,2021-12-16,931.35,11.0,3
7,2021-12-16,304.05,25.1,3
8,2021-12-16,235.31,20.1,3
9,2021-12-16,518.73,14.2,3
10,2021-12-16,245.79,23.9,3
1,2021-12-17,540.12,30.4,4
2,2021-12-17,772.94,21.0,4
3,2021-12-17,946.21,28.7,4
4,2021-12-17,789.96,33.0,4
5,2021-12-17,920.54,18.9,4
6,2021-12-17,931.53,19.8,4
7,2021-12-17,798.98,35.0,4
8,2021-12-17,530.51,21.7,4
9,2021-12-17,531.74,16.2,4
10,2021-12-17,843.29,10.3,4
1,2021-12-18,786.16,24.8,5
2,2021-12-18,967.11,26.1,5
3,2021-12-18,553.85,25.1,5
4,2021-12-18,277.15,19.9,5
5,2021-12-18,253.44,14.8,5
6,2021-12-18,765.21,29.0,5
7,2021-12-18,984.24,12.1,5
8,2021-12-18,959.66,16.1,5
9,2021-12-18,744.93,29.2,5
10,2021-12-18,731.14,28.5,5
1,2021-12-19,387.71,28.4,6
2,2021-12-19,178.49,29.4,6
3,2021-12-19,882.83,32.7,6
4,2021-12-19,717.32,28.3,6
5,2021-12-19,122.43,33.4,6
6,2021-12-19,678.09,12.0,6
7,2021-12-19,206.93,20.5,6
8,2021-12-19,221.61,30.9,6
9,2021-12-19,917.36,12.3,6
10,2021-12-19,307.95,28.5,6
1,2021-12-20,789.28,11.4,0
2,2021-12-20,681.43,17.5,0
3,2021-12-20,552.83,14.9,0
4,2021-12-20,811.67,18.5,0
5,2021-12-20,599.17,25.1,0
6,2021-12-20,828.51,27.7,0
7,2021-12-20,895.12,10.9,0
8,2021-12-20,823.24,20.8,0
9,2021-12-20,328.51,11.2,0
10,2021-12-20,310.86,29.0,0
1,2021-12-21,459.29,17.8,1
2,2021-12-21,681.55,15.4,1
3,2021-12-21,500.75,23.0,1
4,2021-12-21,396.18,10.5,1
5,2021-12-21,761.73,13.7,1
6,2021-12-21,111.14,27.9,1
7,2021-12-21,142.09,13.5,1
8,2021-12-21,328.99,28.9,1
9,2021-12-21,488.21,24.5,1
10,2021-12-21,528.25,31.3,1
1,2021-12-22,400.85,33.7,2
2,2021-12-22,476.71,14.3,2
3,2021-12-22,620.4,23.4,2
4,2021-12-22,343.63,33.4,2
5,2021-12-22,730.15,17.4,2
6,2021-12-22,749.19,27.7,2
7,2021-12-22,874.32,17.1,2
8,2021-12-22,529.24,16.3,2
9,2021-12-22,132.01,15.7,2
10,2021-12-22,286.61,32.6,2
1,2021-12-23,735.11,16.9,3
2,2021-12-23,844.35,16.1,3
3,2021-12-23,365.87,26.0,3
4,2021-12-23,851.4,12.2,3
5,2021-12-23,497.76,32.6,3
6,2021-12-23,120.97,34.3,3
7,2021-12-23,302.55,15.6,3
8,2021-12-23,476.16,15.1,3
9,2021-12-23,178.98,19.7,3
10,2021-12-23,631.51,23.7,3
1,2021-12-24,879.94,32.9,4
2,2021-12-24,179.85,18.3,4
3,2021-12-24,825.85,21.3,4
4,2021-12-24,465.13,22.6,4
5,2021-12-24,217.39,33.9,4
6,2021-12-24,261.37,21.1,4
7,2021-12-24,570.89,17.0,4
8,2021-12-24,743.75,20.1,4
9,2021-12-24,284.22,20.8,4
10,2021-12-24,763.63,13.5,4
1,2021-12-25,161.08,11.8,5
2,2021-12-25,950.16,19.4,5
3,2021-12-25,825.98,27.2,5
4,2021-12-25,589.71,32.9,5
5,2021-12-25,993.7,31.2,5
6,2021-12-25,500.83,18.2,5
7,2021-12-25,346.44,27.6,5
8,2021-12-25,591.63,14.4,5
9,2021-12-25,645.75,19.2,5
10,2021-12-25,403.96,21.0,5
1,2021-12-26,204.15,30.5,6
2,2021-12-26,123.9,12.8,6
3,2021-12-26,343.04,23.0,6
4,2021-12-26,949.29,15.7,6
5,2021-12-26,611.61,11.9,6
6,2021-12-26,371.36,10.5,6
7,2021-12-26,598.74,18.0,6
8,2021-12-26,813.53,15.8,6
9,2021-12-26,126.83,11.1,6
10,2021-12-26,540.73,18.9,6
1,2021-12-27,313.55,27.6,0
2,2021-12-27,205.96,21.3,0
3,2021-12-27,529.93,14.9,0
4,2021-12-27,858.49,21.7,0
5,2021-12-27,841.86,22.3,0
6,2021-12-27,759.13,15.0,0
7,2021-12-27,302.12,16.1,0
8,2021-12-27,448.71,30.3,0
9,2021-12-27,898.53,20.7,0
10,2021-12-27,395.54,15.1,0
1,2021-12-28,113.03,13.2,1
2,2021-12-28,438.28,33.9,1
3,2021-12-28,331.92,22.0,1
4,2021-12-28,954.08,25.3,1
5,2021-12-28,733.31,17.3,1
6,2021-12-28,658.55,20.0,1
7,2021-12-28,551.06,10.1,1
8,2021-12-28,451.4,21.0,1
9,2021-12-28,699.61,29.6,1
10,2021-12-28,212.59,12.4,1
1,2021-12-29,241.0,23.1,2
2,2021-12-29,836.63,21.5,2
3,2021-12-29,961.9,18.9,2
4,2021-12-29,798.2,33.5,2
5,2021-12-29,546.48,16.5,2
6,2021-12-29,645.69,22.2,2
7,2021-12-29,911.62,23.0,2
8,2021-12-29,265.67,15.7,2
9,2021-12-29,304.35,28.7,2
10,2021-12-29,678.96,13.9,2
1,2021-12-30,281.22,29.4,3
2,2021-12-30,150.85,29.1,3
3,2021-12-30,666.33,14.9,3
4,2021-12-30,784.78,33.0,3
5,2021-12-30,765.7,26.5,3
6,2021-12-30,406.89,33.0,3
7,2021-12-30,997.59,20.1,3
8,2021-12-30,801.16,29.2,3
9,2021-12-30,737.98,17.8,3
10,2021-12-30,200.97,24.3,3
1,2021-12-31,198.73,25.9,4
2,2021-12-31,698.41,20.8,4
3,2021-12-31,942.71,14.9,4
4,2021-12-31,697.46,22.2,4
5,2021-12-31,531.93,22.4,4
6,2021-12-31,944.41,15.8,4
7,2021-12-31,708.44,14.0,4
8,2021-12-31,438.49,24.5,4
9,2021-12-31,260.18,31.9,4
10,2021-12-31,593.87,25.2,4
